medallion, hack_license, vendor_id, rate_code, store_and_fwd_flag, pickup_datetime, dropoff_datetime, passenger_count, trip_time_in_mins, trip_distance, pickup_longitude, pickup_latitude, dropoff_longitude, dropoff_latitude
2010000001,2010000001,VTS,1,,2010-01-01 00:00:00,2010-01-01 00:34:00,1,34,14.05,-73.948418,40.72459,-73.92614,40.864761
2010000002,2010000002,VTS,1,,2010-01-01 00:00:00,2010-01-01 00:33:00,1,33,9.65,-73.997414,40.736156,-73.997833,40.736168
2010000003,2010000003,VTS,1,,2010-01-01 00:00:00,2010-01-01 00:07:00,1,7,1.63,-73.967171,40.764236,-73.956299,40.781261
2010000004,2010000004,VTS,1,,2010-01-01 00:00:00,2010-01-01 00:33:00,1,33,26.61,-73.789757,40.646526,-74.136749,40.601543
2010000005,2010000005,VTS,1,,2010-01-01 00:00:00,2010-01-01 00:28:00,2,28,3.15,-73.99955,40.731152,-73.977448,40.763031
2010000006,2010000006,VTS,1,,2010-01-01 00:00:00,2010-01-01 00:27:00,1,27,11.15,-73.993698,40.736946,-73.861435,40.756256
2010000007,2010000007,VTS,1,,2010-01-01 00:00:00,2010-01-01 00:18:00,3,18,4.30,-74.006058,40.739925,-73.957405,40.765686
2010000008,2010000008,VTS,1,,2010-01-01 00:00:00,2010-01-01 00:27:00,1,27,9.83,-73.874245,40.773739,-74.0028,40.760498
2010000009,2010000009,CMT,1,0,2010-01-01 00:00:00,2010-01-01 00:18:13,1,18.220000000000000,3.40,-74.004868,40.751656,-73.988342,40.718399
2010000010,2010000010,CMT,1,0,2010-01-01 00:00:02,2010-01-01 00:36:27,2,36.420000000000000,12.40,-73.95546,40.787731,-73.961739,40.666935
2010000011,2010000011,CMT,1,0,2010-01-01 00:00:02,2010-01-01 00:01:08,1,1.1000000000000000,0.10,-73.992805,40.741417,-73.995796,40.742596
2010000012,2010000012,CMT,1,0,2010-01-01 00:00:02,2010-01-01 00:14:15,1,14.220000000000000,6.60,-73.951843,40.773678,-74.005714,40.706718
2010000013,2010000013,DDS,1,,2010-01-01 00:00:02,2010-01-01 00:35:11,3,35.140000000000000,7.30,-74.003517,40.732494,-74.009224,40.715359
2010000014,2010000014,CMT,1,0,2010-01-01 00:00:05,2010-01-01 00:02:50,1,2.75,0.50,-73.985153,40.719158,-73.99044,40.714077
2010000015,2010000015,CMT,1,0,2010-01-01 00:00:07,2010-01-01 00:05:36,1,5.4800000000000000,1.70,-73.981865,40.775318,-73.968941,40.797646
2010000016,2010000016,CMT,1,0,2010-01-01 00:00:11,2010-01-01 00:10:34,2,10.380000000000000,1.80,-74.004601,40.740673,-73.981766,40.748974
2010000017,2010000017,CMT,1,0,2010-01-01 00:00:13,2010-01-01 00:17:54,1,17.68,4.70,-73.999512,40.728336,-73.949905,40.768562
2010000018,2010000018,CMT,1,0,2010-01-01 00:00:13,2010-01-01 00:06:50,1,6.6200000000000000,1.00,-74.004852,40.746834,-73.994949,40.743904
2010000019,2010000019,CMT,1,0,2010-01-01 00:00:14,2010-01-01 00:28:43,4,28.48,5.00,-74.009186,40.713356,-73.973022,40.764114
2010000020,2010000020,CMT,1,0,2010-01-01 00:00:17,2010-01-01 00:16:27,1,16.170000000000000,4.90,-73.971107,40.762836,-73.889511,40.743282
2010000021,2010000021,CMT,1,0,2010-01-01 00:00:17,2010-01-01 00:07:17,1,7,2.10,-73.969048,40.79076,-73.985565,40.763634
2010000022,2010000022,VTS,1,,2010-01-01 00:00:17,2010-01-01 00:00:17,3,0,0.00,-73.871056,40.773521,-73.871048,40.773544
2010000023,2010000023,CMT,1,0,2010-01-01 00:00:18,2010-01-01 00:03:56,2,3.6300000000000000,0.70,-73.962936,40.769436,-73.964478,40.775707
2010000024,2010000024,CMT,1,0,2010-01-01 00:00:19,2010-01-01 00:04:20,3,4.0200000000000000,0.70,-73.995872,40.738789,-74.0028,40.733406
2010000025,2010000025,VTS,1,,2010-01-01 00:00:20,2010-01-01 00:00:20,1,0,0.05,-73.975128,40.789974,-73.974991,40.7906
2010000026,2010000026,CMT,1,0,2010-01-01 00:00:20,2010-01-01 00:14:04,1,13.73,4.30,-73.98349,40.766018,-73.935181,40.800961
2010000027,2010000027,CMT,1,0,2010-01-01 00:00:20,2010-01-01 00:22:53,1,22.550000000000000,6.10,-73.992271,40.749367,-73.940872,40.719212
2010000028,2010000028,CMT,1,0,2010-01-01 00:00:23,2010-01-01 00:10:31,1,10.130000000000000,3.20,-73.936447,40.817516,-73.945335,40.836784
2010000029,2010000029,CMT,1,0,2010-01-01 00:00:23,2010-01-01 00:00:25,1,3E-02,0.00,-73.999428,40.712158,-73.999161,40.712421
2010000030,2010000030,CMT,1,1,2010-01-01 00:00:26,2010-01-01 00:06:36,2,6.1700000000000000,0.70,-74.000824,40.737251,-73.998329,40.729549
2010000031,2010000031,CMT,1,0,2010-01-01 00:00:27,2010-01-01 00:04:15,1,3.8000000000000000,0.50,-73.95256,40.714298,-73.947472,40.714977
2010000032,2010000032,CMT,1,0,2010-01-01 00:00:28,2010-01-01 00:08:51,2,8.3800000000000000,1.80,-74.002014,40.750805,-74.008957,40.730881
2010000033,2010000033,CMT,1,0,2010-01-01 00:00:31,2010-01-01 00:06:38,1,6.1200000000000000,1.40,-73.977303,40.779507,-73.989899,40.762012
2010000034,2010000034,CMT,1,0,2010-01-01 00:00:33,2010-01-01 00:17:58,1,17.420000000000000,4.40,-73.961273,40.774784,-73.987518,40.721779
2010000035,2010000035,CMT,1,0,2010-01-01 00:00:33,2010-01-01 00:00:55,1,0.37,0.00,-73.977219,40.749634,-73.977325,40.74963
2010000036,2010000036,CMT,1,0,2010-01-01 00:00:35,2010-01-01 00:06:23,1,5.8000000000000000,1.80,-73.963303,40.798477,-73.951668,40.781746
2010000037,2010000037,DDS,1,,2010-01-01 00:00:38,2010-01-01 00:13:52,3,13.23,2.30,0,0,0,0
2010000038,2010000038,CMT,1,1,2010-01-01 00:00:41,2010-01-01 00:09:35,1,8.9000000000000000,2.10,-73.991104,40.750191,-73.997177,40.724567
2010000039,2010000039,CMT,1,0,2010-01-01 00:00:41,2010-01-01 00:16:28,4,15.780000000000000,3.20,-73.982285,40.757618,-74.000595,40.730709
2010000040,2010000040,CMT,1,0,2010-01-01 00:00:42,2010-01-01 00:07:34,1,6.8700000000000000,1.80,-74.010765,40.716282,-73.996475,40.732327
2010000041,2010000041,CMT,1,0,2010-01-01 00:00:42,2010-01-01 00:19:04,2,18.370000000000000,7.30,-73.969238,40.797966,-74.004463,40.717175
2010000042,2010000042,CMT,1,0,2010-01-01 00:00:43,2010-01-01 00:04:22,2,3.6500000000000000,0.60,-73.956001,40.776157,-73.948296,40.775581
2010000043,2010000043,CMT,1,0,2010-01-01 00:00:44,2010-01-01 00:10:31,4,9.7800000000000000,2.00,-73.998383,40.724606,-73.991341,40.74892
2010000044,2010000044,CMT,1,0,2010-01-01 00:00:44,2010-01-01 00:10:51,1,10.120000000000000,2.40,-73.996078,40.73214,-74.009003,40.705235
2010000045,2010000045,CMT,1,0,2010-01-01 00:00:45,2010-01-01 00:25:18,3,24.550000000000000,13.80,-73.976303,40.785854,-73.866516,40.92667
2010000046,2010000046,CMT,1,0,2010-01-01 00:00:46,2010-01-01 00:03:52,1,3.1000000000000000,0.90,-73.956703,40.717289,-73.957603,40.708954
2010000047,2010000047,CMT,1,0,2010-01-01 00:00:46,2010-01-01 00:03:04,1,2.3000000000000000,0.50,-73.953636,40.771008,-73.952522,40.776531
2010000048,2010000048,DDS,1,,2010-01-01 00:00:46,2010-01-01 00:31:26,1,30.66,9.70,0,0,0,0
2010000049,2010000049,CMT,1,0,2010-01-01 00:00:46,2010-01-01 00:07:38,1,6.8700000000000000,1.20,-73.974319,40.763157,-73.98027,40.748528
2010000050,2010000050,CMT,1,0,2010-01-01 00:00:47,2010-01-01 00:04:36,4,3.8200000000000000,0.70,-73.998672,40.734123,-73.993217,40.73098
2010000051,2010000051,CMT,1,0,2010-01-01 00:00:48,2010-01-01 00:06:21,1,5.5500000000000000,1.70,-73.959862,40.813721,-73.948967,40.829994
2010000052,2010000052,CMT,1,0,2010-01-01 00:00:48,2010-01-01 00:35:07,4,34.32,23.80,-73.871223,40.773987,-73.734146,41.006832
2010000053,2010000053,CMT,1,0,2010-01-01 00:00:49,2010-01-01 00:02:35,1,1.77,0.20,-73.978676,40.75016,-73.982918,40.751945
2010000054,2010000054,CMT,1,0,2010-01-01 00:00:49,2010-01-01 00:04:49,2,4,0.90,-73.98938,40.720375,-74.001289,40.725372
2010000055,2010000055,CMT,1,0,2010-01-01 00:00:49,2010-01-01 00:08:51,1,8.0300000000000000,1.40,-73.999496,40.743977,-73.980797,40.748592
2010000056,2010000056,CMT,1,0,2010-01-01 00:00:50,2010-01-01 00:18:01,1,17.18,11.50,-73.988152,40.71841,-73.824684,40.727577
2010000057,2010000057,CMT,1,0,2010-01-01 00:00:50,2010-01-01 00:03:00,1,2.1700000000000000,0.40,-73.981667,40.75695,-73.978317,40.76178
2010000058,2010000058,CMT,1,0,2010-01-01 00:00:51,2010-01-01 00:10:15,1,9.4000000000000000,4.00,-73.985504,40.727238,-73.949509,40.777843
2010000059,2010000059,CMT,1,0,2010-01-01 00:00:52,2010-01-01 00:12:20,1,11.470000000000000,2.80,-73.988998,40.730885,-73.961792,40.76442
2010000060,2010000060,DDS,1,,2010-01-01 00:00:54,2010-01-01 00:25:56,3,25.030000000000000,7.20,-73.970818,40.796089,-73.98719,40.770157
2010000061,2010000061,CMT,1,0,2010-01-01 00:00:55,2010-01-01 00:06:17,2,5.3700000000000000,1.00,-74.012184,40.701618,-73.9991,40.711777
2010000062,2010000062,CMT,1,0,2010-01-01 00:00:56,2010-01-01 00:06:14,1,5.3000000000000000,0.80,-73.97998,40.770767,-73.986038,40.763985
2010000063,2010000063,CMT,1,0,2010-01-01 00:00:57,2010-01-01 00:15:22,1,14.42,2.00,-73.997475,40.726013,-73.995819,40.748833
2010000064,2010000064,CMT,1,0,2010-01-01 00:00:59,2010-01-01 00:06:54,1,5.9200000000000000,1.40,-73.985825,40.726784,-73.975372,40.744701
2010000065,2010000065,CMT,1,0,2010-01-01 00:00:59,2010-01-01 00:12:49,2,11.83,3.00,-74.00071,40.74646,-74.00071,40.74646
2010000066,2010000066,CMT,1,0,2010-01-01 00:00:59,2010-01-01 00:12:19,4,11.33,2.30,-73.994003,40.744415,-74.004227,40.721992
2010000067,2010000067,CMT,1,0,2010-01-01 00:00:59,2010-01-01 00:03:35,1,2.6000000000000000,0.70,-73.996529,40.753227,-74.002853,40.744308
2010000068,2010000068,VTS,1,,2010-01-01 00:01:00,2010-01-01 00:37:00,1,36,18.60,-73.789642,40.646881,-73.9879,40.768887
2010000069,2010000069,CMT,1,0,2010-01-01 00:01:00,2010-01-01 00:09:15,1,8.25,1.30,-74.00386,40.742996,-73.985596,40.732624
2010000070,2010000070,VTS,1,,2010-01-01 00:01:00,2010-01-01 00:22:00,1,21,7.02,-73.98774,40.732708,-73.948013,40.80389
2010000071,2010000071,VTS,1,,2010-01-01 00:01:00,2010-01-01 00:24:00,1,23,6.23,-74.005791,40.726059,-73.958603,40.779125
2010000072,2010000072,VTS,1,,2010-01-01 00:01:00,2010-01-01 00:20:00,1,19,3.45,-73.986664,40.737751,-73.9804,40.770302
2010000073,2010000073,VTS,1,,2010-01-01 00:01:00,2010-01-01 00:01:00,1,0,0.00,-73.942314,40.784332,-73.942314,40.784332
2010000074,2010000074,VTS,1,,2010-01-01 00:01:00,2010-01-01 00:26:00,2,25,11.73,-73.957512,40.77383,-73.85804,40.883728
2010000075,2010000075,VTS,1,,2010-01-01 00:01:00,2010-01-01 00:55:00,1,54,15.76,-73.987297,40.750538,-73.790787,40.767673
2010000076,2010000076,VTS,1,,2010-01-01 00:01:00,2010-01-01 00:30:00,1,29,5.35,-73.971771,40.749722,-73.964905,40.805988
2010000077,2010000077,VTS,1,,2010-01-01 00:01:00,2010-01-01 00:11:00,2,10,1.58,-73.990807,40.736393,-74.002663,40.750023
2010000078,2010000078,VTS,1,,2010-01-01 00:01:00,2010-01-01 00:08:00,1,7,0.73,0,0,0,0
2010000079,2010000079,VTS,1,,2010-01-01 00:01:00,2010-01-01 00:27:00,2,26,12.06,-73.991104,40.733974,-73.916054,40.870735
2010000080,2010000080,VTS,1,,2010-01-01 00:01:00,2010-01-01 01:00:00,1,59,14.25,-73.946663,40.788815,-73.974388,40.638172
2010000081,2010000081,VTS,1,,2010-01-01 00:01:00,2010-01-01 00:17:00,1,16,5.09,-73.963539,40.765739,-73.993866,40.725681
2010000082,2010000082,CMT,1,0,2010-01-01 00:01:02,2010-01-01 00:05:56,1,4.9000000000000000,1.80,-73.862709,40.769009,-73.866989,40.76738
2010000083,2010000083,CMT,1,0,2010-01-01 00:01:02,2010-01-01 00:11:56,2,10.9,2.30,-73.974564,40.751968,-73.962479,40.769669
2010000084,2010000084,CMT,1,0,2010-01-01 00:01:03,2010-01-01 00:09:05,3,8.0300000000000000,1.20,-74.009377,40.715614,-73.994652,40.719631
2010000085,2010000085,DDS,1,,2010-01-01 00:01:03,2010-01-01 00:14:31,1,13.460000000000000,2.60,-73.994026,40.76152,-73.983452,40.760208
2010000086,2010000086,CMT,1,0,2010-01-01 00:01:04,2010-01-01 00:26:02,2,24.970000000000000,6.60,-73.997482,40.736591,-73.979965,40.668877
2010000087,2010000087,CMT,1,0,2010-01-01 00:01:05,2010-01-01 00:17:31,1,16.43,6.00,-73.98468,40.728516,-73.952507,40.800304
2010000088,2010000088,CMT,1,0,2010-01-01 00:01:05,2010-01-01 00:07:43,1,6.6300000000000000,1.80,-73.968803,40.760757,-73.947693,40.770836
2010000089,2010000089,CMT,1,0,2010-01-01 00:01:05,2010-01-01 00:21:43,1,20.630000000000000,8.60,-73.870911,40.773762,-73.967331,40.793266
2010000090,2010000090,VTS,1,,2010-01-01 00:01:06,2010-01-01 00:01:06,2,0,0.38,-73.974632,40.756687,-73.979874,40.759144
2010000091,2010000091,VTS,1,,2010-01-01 00:01:07,2010-01-01 00:01:07,2,0,0.23,-73.987358,40.718475,-73.985184,40.720467
2010000092,2010000092,CMT,1,0,2010-01-01 00:01:07,2010-01-01 00:15:32,1,14.42,3.60,-73.992668,40.749866,-74.01268,40.706646
2010000093,2010000093,CMT,1,0,2010-01-01 00:01:08,2010-01-01 00:09:44,4,8.6000000000000000,1.10,-73.972244,40.747395,-73.985046,40.744305
2010000094,2010000094,DDS,1,,2010-01-01 00:01:09,2010-01-01 00:19:56,1,18.780000000000000,1.40,-73.992088,40.738529,-73.971756,40.749657
2010000095,2010000095,CMT,1,0,2010-01-01 00:01:10,2010-01-01 00:23:51,2,22.68,9.10,-73.986511,40.760921,-73.926926,40.857605
2010000096,2010000096,CMT,1,0,2010-01-01 00:01:12,2010-01-01 00:34:14,1,33.030000000000000,18.80,-73.862785,40.769073,-73.902412,40.936306
2010000097,2010000097,CMT,1,0,2010-01-01 00:01:13,2010-01-01 00:14:37,2,13.4,2.90,-73.975243,40.787754,-73.963219,40.75832
2010000098,2010000098,CMT,1,0,2010-01-01 00:01:14,2010-01-01 00:06:13,2,4.9800000000000000,1.00,-73.95488,40.773518,-73.960373,40.76152
2010000099,2010000099,CMT,1,0,2010-01-01 00:01:15,2010-01-01 00:19:39,1,18.400000000000000,3.40,-73.954773,40.767281,-73.963028,40.799149
2010000100,2010000100,CMT,1,0,2010-01-01 00:01:15,2010-01-01 00:10:12,1,8.9500000000000000,1.10,-73.995094,40.749603,-73.976944,40.743599
2010000101,2010000101,CMT,1,0,2010-01-01 00:01:16,2010-01-01 00:06:32,1,5.2700000000000000,0.60,-74.001938,40.734943,-73.994499,40.728607
2010000102,2010000102,CMT,1,0,2010-01-01 00:01:17,2010-01-01 00:08:09,1,6.8700000000000000,2.30,-74.002548,40.750355,-73.981476,40.779449
2010000103,2010000103,CMT,1,0,2010-01-01 00:01:18,2010-01-01 00:18:16,1,16.970000000000000,5.30,-73.984856,40.742077,-73.964851,40.801697
2010000104,2010000104,CMT,1,0,2010-01-01 00:01:19,2010-01-01 00:07:14,1,5.9200000000000000,1.60,-73.991493,40.739025,-73.999176,40.72015
2010000105,2010000105,CMT,1,0,2010-01-01 00:01:19,2010-01-01 00:06:46,2,5.4500000000000000,0.70,-73.947426,40.771328,-73.946556,40.776642
2010000106,2010000106,CMT,1,0,2010-01-01 00:01:22,2010-01-01 00:08:53,1,7.5200000000000000,1.00,-74.006035,40.739998,-73.994675,40.75045
2010000107,2010000107,VTS,1,,2010-01-01 00:01:23,2010-01-01 00:01:23,1,0,0.61,-73.980042,40.743061,-73.974861,40.750385
2010000108,2010000108,CMT,1,0,2010-01-01 00:01:24,2010-01-01 00:28:56,1,27.530000000000000,15.40,-73.975227,40.729015,-73.908348,40.884567
2010000109,2010000109,DDS,1,,2010-01-01 00:01:24,2010-01-01 00:16:26,2,15.030000000000000,2.40,-73.98111,40.750305,-73.990234,40.751438
2010000110,2010000110,CMT,1,0,2010-01-01 00:01:25,2010-01-01 00:22:08,1,20.720000000000000,7.10,-73.970306,40.760609,-73.875107,40.710392
2010000111,2010000111,CMT,1,0,2010-01-01 00:01:25,2010-01-01 00:22:15,4,20.830000000000000,6.30,-73.967422,40.752476,-73.933723,40.710987
2010000112,2010000112,CMT,1,0,2010-01-01 00:01:26,2010-01-01 00:05:05,4,3.6500000000000000,0.80,-74.002106,40.717491,-74.002106,40.717491
2010000113,2010000113,CMT,1,0,2010-01-01 00:01:26,2010-01-01 00:04:10,1,2.73,0.80,-73.98867,40.731174,-73.991913,40.721951
2010000114,2010000114,CMT,1,0,2010-01-01 00:01:26,2010-01-01 00:13:21,1,11.92,3.60,-73.922653,40.760658,-73.971397,40.757179
2010000115,2010000115,CMT,1,0,2010-01-01 00:01:27,2010-01-01 00:10:17,2,8.8300000000000000,5.10,-73.874458,40.774006,-73.849472,40.725349
2010000116,2010000116,CMT,1,0,2010-01-01 00:01:27,2010-01-01 00:09:54,1,8.4500000000000000,1.80,-73.96843,40.761654,-73.947739,40.774975
2010000117,2010000117,CMT,1,0,2010-01-01 00:01:27,2010-01-01 00:06:14,1,4.7800000000000000,1.10,-73.9991,40.739365,-73.985435,40.738605
2010000118,2010000118,CMT,1,0,2010-01-01 00:01:28,2010-01-01 00:17:04,1,15.6,3.90,-73.993156,40.74139,-74.005264,40.707214
2010000119,2010000119,CMT,1,0,2010-01-01 00:01:30,2010-01-01 00:06:14,2,4.7300000000000000,0.90,-73.983215,40.738621,-73.973389,40.748787
2010000120,2010000120,CMT,1,0,2010-01-01 00:01:32,2010-01-01 00:12:33,4,11.02,2.50,-74.000084,40.734871,-74.013931,40.707497
2010000121,2010000121,CMT,1,0,2010-01-01 00:01:33,2010-01-01 00:16:17,4,14.73,3.70,-74.006607,40.744419,-74.009308,40.713287
2010000122,2010000122,CMT,1,0,2010-01-01 00:01:33,2010-01-01 00:10:40,1,9.1200000000000000,2.20,-73.973167,40.790333,-73.94368,40.792759
2010000123,2010000123,CMT,1,0,2010-01-01 00:01:34,2010-01-01 00:07:07,3,5.5500000000000000,1.00,-73.983047,40.756145,-73.971558,40.762039
2010000124,2010000124,VTS,1,,2010-01-01 00:01:34,2010-01-01 00:01:34,1,0,0.02,-73.954124,40.801174,-73.954315,40.800896
2010000125,2010000125,CMT,1,0,2010-01-01 00:01:35,2010-01-01 00:22:59,1,21.400000000000000,6.20,-73.969276,40.762691,-73.928528,40.696552
2010000126,2010000126,CMT,1,0,2010-01-01 00:01:35,2010-01-01 00:06:15,1,4.6700000000000000,1.70,-73.968018,40.755379,-73.956154,40.772121
2010000127,2010000127,CMT,1,0,2010-01-01 00:01:35,2010-01-01 00:06:34,1,4.9800000000000000,1.30,-73.963295,40.765705,-73.951103,40.77887
2010000128,2010000128,CMT,1,0,2010-01-01 00:01:35,2010-01-01 00:24:49,1,23.23,12.20,-73.954147,40.764011,-73.796585,40.713753
2010000129,2010000129,DDS,1,,2010-01-01 00:01:38,2010-01-01 00:02:12,1,0.56000000000000000,2.00,-73.958397,40.774818,-73.97438,40.787441
2010000130,2010000130,CMT,1,0,2010-01-01 00:01:39,2010-01-01 00:22:53,2,21.23,2.30,-73.995399,40.759674,-73.961136,40.759266
2010000131,2010000131,CMT,1,0,2010-01-01 00:01:39,2010-01-01 00:29:50,1,28.18,3.60,-74.004494,40.742313,-73.967407,40.756008
2010000132,2010000132,CMT,1,0,2010-01-01 00:01:40,2010-01-01 00:02:04,1,0.40000000000000000,0.10,-73.939545,40.809425,-73.940819,40.809071
2010000133,2010000133,DDS,1,,2010-01-01 00:01:41,2010-01-01 00:23:03,1,21.360000000000000,10.30,-73.963417,40.777397,-73.972176,40.765419
2010000134,2010000134,DDS,1,,2010-01-01 00:01:42,2010-01-01 00:21:41,1,19.98,4.50,-73.942406,40.797588,-73.962151,40.805206
2010000135,2010000135,CMT,1,0,2010-01-01 00:01:42,2010-01-01 00:04:10,1,2.4700000000000000,0.40,-73.93972,40.794437,-73.94239,40.798092
2010000136,2010000136,CMT,1,0,2010-01-01 00:01:43,2010-01-01 00:16:49,1,15.1,4.50,-73.977303,40.763905,-73.901489,40.750942
2010000137,2010000137,CMT,1,0,2010-01-01 00:01:43,2010-01-01 00:09:35,1,7.8700000000000000,1.40,-73.992599,40.737869,-73.994522,40.750656
2010000138,2010000138,DDS,1,,2010-01-01 00:01:43,2010-01-01 00:32:25,1,30.690000000000000,2.80,-73.981377,40.780338,-73.956406,40.778137
2010000139,2010000139,CMT,1,0,2010-01-01 00:01:44,2010-01-01 00:10:43,2,8.9800000000000000,1.10,-74.006927,40.73011,-73.997986,40.723965
2010000140,2010000140,CMT,1,0,2010-01-01 00:01:44,2010-01-01 00:07:01,1,5.2800000000000000,1.10,-73.989571,40.691055,-74.00296,40.684502
2010000141,2010000141,CMT,1,0,2010-01-01 00:01:46,2010-01-01 00:02:13,1,0.45000000000000000,0.20,-73.98661,40.762375,-73.98613,40.762371
2010000142,2010000142,CMT,1,0,2010-01-01 00:01:46,2010-01-01 00:16:51,1,15.08,4.50,-73.985207,40.741669,-73.99398,40.691082
2010000143,2010000143,CMT,1,0,2010-01-01 00:01:46,2010-01-01 00:10:53,1,9.1200000000000000,1.30,-73.991165,40.741402,-73.993523,40.752026
2010000144,2010000144,CMT,1,0,2010-01-01 00:01:46,2010-01-01 00:30:41,1,28.920000000000000,0.70,-73.976128,40.759743,-73.983932,40.752495
2010000145,2010000145,CMT,1,0,2010-01-01 00:01:48,2010-01-01 00:15:57,1,14.15,7.60,-73.975662,40.782078,-73.912735,40.848831
2010000146,2010000146,CMT,1,0,2010-01-01 00:01:49,2010-01-01 00:11:39,1,9.8300000000000000,2.80,0,0,0,0
2010000147,2010000147,CMT,1,0,2010-01-01 00:01:50,2010-01-01 00:03:41,1,1.8500000000000000,0.40,-73.953133,40.767757,-73.958084,40.764549
2010000148,2010000148,VTS,1,,2010-01-01 00:01:51,2010-01-01 00:01:51,3,0,0.03,0,0,0,0
2010000149,2010000149,CMT,1,0,2010-01-01 00:01:51,2010-01-01 00:15:18,2,13.450000000000000,0.80,-73.986206,40.747482,-73.978844,40.755547
2010000150,2010000150,CMT,1,0,2010-01-01 00:01:52,2010-01-01 00:03:40,1,1.8,0.20,-73.954071,40.772991,-73.958565,40.774967
2010000151,2010000151,CMT,1,0,2010-01-01 00:01:52,2010-01-01 00:06:55,4,5.0500000000000000,0.90,-74.005028,40.721741,-73.998459,40.735008
2010000152,2010000152,VTS,1,,2010-01-01 00:01:55,2010-01-01 00:01:55,1,0,0.13,-73.999886,40.734573,-74.00177,40.735142
2010000153,2010000153,CMT,1,0,2010-01-01 00:01:55,2010-01-01 00:20:38,2,18.720000000000000,2.10,-74.001945,40.750961,-73.975182,40.757771
2010000154,2010000154,CMT,1,0,2010-01-01 00:01:55,2010-01-01 00:04:27,1,2.5300000000000000,1.10,-73.985245,40.747578,-73.995972,40.738426
2010000155,2010000155,CMT,1,0,2010-01-01 00:01:55,2010-01-01 00:15:37,1,13.700000000000000,2.30,-73.989655,40.725983,-74.000656,40.747269
2010000156,2010000156,CMT,1,0,2010-01-01 00:01:56,2010-01-01 00:06:33,1,4.6200000000000000,1.00,-73.996689,40.737522,-74.005119,40.746521
2010000157,2010000157,CMT,1,0,2010-01-01 00:01:56,2010-01-01 00:06:18,1,4.3700000000000000,0.60,-73.991692,40.715103,-73.996162,40.720276
2010000158,2010000158,CMT,1,0,2010-01-01 00:01:58,2010-01-01 00:35:22,2,33.400000000000000,13.30,-73.997009,40.737503,-73.896904,40.895817
2010000159,2010000159,CMT,1,0,2010-01-01 00:01:58,2010-01-01 00:08:45,1,6.7800000000000000,0.70,-73.982178,40.746067,-73.992996,40.749512
2010000160,2010000160,DDS,1,,2010-01-01 00:01:58,2010-01-01 00:13:13,2,11.25,1.90,-73.95517,40.780128,-73.966415,40.764896
2010000161,2010000161,CMT,1,0,2010-01-01 00:01:59,2010-01-01 00:18:38,2,16.650000000000000,4.60,-73.973534,40.672798,-73.983208,40.727524
2010000162,2010000162,DDS,1,,2010-01-01 00:01:59,2010-01-01 00:14:42,1,12.710000000000000,2.00,-73.9823,40.756252,-73.982193,40.75642
2010000163,2010000163,CMT,1,0,2010-01-01 00:01:59,2010-01-01 00:07:23,2,5.4000000000000000,1.30,-73.967201,40.764404,-73.953239,40.772629
2010000164,2010000164,CMT,1,0,2010-01-01 00:01:59,2010-01-01 00:05:48,1,3.8200000000000000,1.10,-73.976212,40.744759,-73.975723,40.733219
2010000165,2010000165,CMT,1,0,2010-01-01 00:01:59,2010-01-01 00:05:27,1,3.4700000000000000,0.40,-73.968178,40.759022,-73.971405,40.758778
2010000166,2010000166,VTS,1,,2010-01-01 00:02:00,2010-01-01 00:23:00,2,21,9.80,-74.006821,40.735588,-73.93087,40.851246
2010000167,2010000167,VTS,1,,2010-01-01 00:02:00,2010-01-01 00:35:00,1,33,4.43,-73.948082,40.795605,-73.989113,40.742874
2010000168,2010000168,VTS,1,,2010-01-01 00:02:00,2010-01-01 00:41:00,1,39,11.46,-73.947678,40.776024,-73.958817,40.710155
2010000169,2010000169,VTS,1,,2010-01-01 00:02:00,2010-01-01 00:30:00,2,28,7.25,-73.985031,40.728092,-73.954048,40.717312
2010000170,2010000170,VTS,1,,2010-01-01 00:02:00,2010-01-01 00:26:00,4,24,3.63,-73.981239,40.725109,-73.976273,40.765045
2010000171,2010000171,VTS,1,,2010-01-01 00:02:00,2010-01-01 00:07:00,1,5,0.76,-73.994301,40.746552,-74.001793,40.750931
2010000172,2010000172,CMT,1,0,2010-01-01 00:02:00,2010-01-01 00:03:26,1,1.4300000000000000,0.00,-73.980583,40.765743,-73.980583,40.765743
2010000173,2010000173,VTS,1,,2010-01-01 00:02:00,2010-01-01 00:29:00,2,27,4.82,0,0,0,0
2010000174,2010000174,VTS,1,,2010-01-01 00:02:00,2010-01-01 00:38:00,1,36,10.91,-73.943459,40.776844,-73.981873,40.669685
2010000175,2010000175,VTS,1,,2010-01-01 00:02:00,2010-01-01 00:32:00,5,30,3.90,-73.964981,40.759167,-74.004578,40.733978
2010000176,2010000176,VTS,1,,2010-01-01 00:02:00,2010-01-01 00:10:00,3,8,1.64,-73.951988,40.790203,-73.970146,40.798912
2010000177,2010000177,VTS,1,,2010-01-01 00:02:00,2010-01-01 00:28:00,5,26,11.58,-73.982803,40.739338,-73.846985,40.831696
2010000178,2010000178,CMT,1,0,2010-01-01 00:02:01,2010-01-01 00:08:17,2,6.2700000000000000,1.40,-73.989265,40.75272,-74.004555,40.752129
2010000179,2010000179,CMT,1,0,2010-01-01 00:02:01,2010-01-01 00:07:32,1,5.5200000000000000,1.90,-73.953041,40.780209,-73.949585,40.801064
2010000180,2010000180,CMT,1,0,2010-01-01 00:02:01,2010-01-01 00:22:03,3,20.030000000000000,4.90,-73.922691,40.706543,-73.980461,40.676537
2010000181,2010000181,CMT,1,0,2010-01-01 00:02:04,2010-01-01 00:25:35,2,23.52,6.70,-73.961502,40.780128,-73.886803,40.755363
2010000182,2010000182,DDS,1,,2010-01-01 00:02:05,2010-01-01 00:04:39,1,2.5600000000000000,0.30,-73.994469,40.750694,-73.946312,40.933102
2010000183,2010000183,CMT,1,0,2010-01-01 00:02:06,2010-01-01 00:10:08,2,8.0300000000000000,1.50,-73.962517,40.758911,-73.97757,40.753624
2010000184,2010000184,DDS,1,,2010-01-01 00:02:08,2010-01-01 00:09:41,1,7.5500000000000000,0.10,-73.984032,40.748604,-73.977028,40.738937
2010000185,2010000185,CMT,1,0,2010-01-01 00:02:08,2010-01-01 00:10:37,1,8.4800000000000000,1.10,-73.991379,40.750118,-73.979637,40.749855
2010000186,2010000186,CMT,1,0,2010-01-01 00:02:09,2010-01-01 00:22:48,1,20.650000000000000,15.40,-73.802185,40.647392,-73.96611,40.762177
2010000187,2010000187,CMT,1,0,2010-01-01 00:02:10,2010-01-01 00:04:52,1,2.7000000000000000,0.50,-73.94529,40.813354,-73.949326,40.807518
2010000188,2010000188,CMT,1,0,2010-01-01 00:02:10,2010-01-01 00:14:00,1,11.83,6.70,-73.870842,40.773754,-73.799042,40.732891
2010000189,2010000189,CMT,1,0,2010-01-01 00:02:12,2010-01-01 00:13:31,1,11.32,3.90,-73.977783,40.752602,-73.9879,40.716396
2010000190,2010000190,CMT,1,0,2010-01-01 00:02:14,2010-01-01 00:05:59,1,3.75,0.70,-73.973442,40.753159,-73.976234,40.759026
2010000191,2010000191,DDS,1,,2010-01-01 00:02:14,2010-01-01 00:13:55,1,11.68,2.40,-73.972855,40.79026,-73.977768,40.789043
2010000192,2010000192,CMT,1,0,2010-01-01 00:02:15,2010-01-01 00:06:02,2,3.7800000000000000,0.60,-73.966568,40.764236,-73.970894,40.756641
2010000193,2010000193,CMT,1,0,2010-01-01 00:02:16,2010-01-01 00:11:45,2,9.4800000000000000,1.90,-74.00753,40.725647,-74.013626,40.70311
2010000194,2010000194,CMT,1,0,2010-01-01 00:02:17,2010-01-01 00:14:32,1,12.25,1.20,-73.984436,40.765209,-73.999413,40.761349
2010000195,2010000195,CMT,1,0,2010-01-01 00:02:19,2010-01-01 00:12:34,1,10.25,2.20,-73.993683,40.747082,-74.009346,40.725983
2010000196,2010000196,CMT,1,0,2010-01-01 00:02:20,2010-01-01 00:36:04,3,33.730000000000000,12.50,-73.990517,40.761276,-73.868286,40.772655
2010000197,2010000197,CMT,1,0,2010-01-01 00:02:21,2010-01-01 00:15:16,1,12.92,1.10,-74.002602,40.749962,-73.984848,40.745327
2010000198,2010000198,CMT,1,0,2010-01-01 00:02:21,2010-01-01 00:08:57,1,6.6000000000000000,1.60,-74.001488,40.730827,-74.010025,40.714432
2010000199,2010000199,CMT,1,0,2010-01-01 00:02:23,2010-01-01 00:10:42,1,8.3200000000000000,1.00,-73.997932,40.750828,-73.995644,40.759308
2010000200,2010000200,CMT,1,0,2010-01-01 00:02:24,2010-01-01 00:20:11,1,17.780000000000000,4.00,-73.974785,40.679939,-73.931824,40.695107
2010000201,2010000201,CMT,1,0,2010-01-01 00:02:24,2010-01-01 00:14:57,3,12.550000000000000,2.10,-73.886009,40.743858,-73.874367,40.743385
2010000202,2010000202,CMT,1,0,2010-01-01 00:02:24,2010-01-01 00:11:39,1,9.25,1.70,-73.982346,40.747494,-73.998734,40.732151
2010000203,2010000203,DDS,1,,2010-01-01 00:02:26,2010-01-01 00:08:49,1,6.3800000000000000,0.70,-74.008179,40.711712,-73.993713,40.732819
2010000204,2010000204,CMT,1,0,2010-01-01 00:02:26,2010-01-01 00:03:34,1,1.1300000000000000,0.00,0,0,0,0
2010000205,2010000205,CMT,1,0,2010-01-01 00:02:26,2010-01-01 00:10:16,2,7.8300000000000000,1.80,-73.950668,40.775192,-73.969398,40.791164
2010000132,2010000132,CMT,1,0,2010-01-01 00:02:26,2010-01-01 00:08:15,1,5.8200000000000000,1.30,-73.940941,40.808712,-73.948601,40.795837
2010000206,2010000206,DDS,1,,2010-01-01 00:02:27,2010-01-01 00:44:16,1,41.810000000000000,1.80,-73.994514,40.725986,-74.002808,40.733349
2010000207,2010000207,CMT,1,0,2010-01-01 00:02:28,2010-01-01 00:05:10,2,2.7000000000000000,0.50,-73.956001,40.772194,-73.958153,40.765434
2010000208,2010000208,CMT,1,0,2010-01-01 00:02:28,2010-01-01 00:12:41,1,10.220000000000000,0.40,-73.974205,40.761791,-73.978592,40.756321
2010000209,2010000209,CMT,1,0,2010-01-01 00:02:30,2010-01-01 00:12:11,1,9.6800000000000000,4.10,-74.005531,40.706806,-73.971878,40.744808
2010000210,2010000210,CMT,1,0,2010-01-01 00:02:31,2010-01-01 00:07:12,4,4.6800000000000000,0.80,-73.997841,40.674656,-74.004456,40.679558
2010000211,2010000211,CMT,1,0,2010-01-01 00:02:32,2010-01-01 00:09:43,2,7.1800000000000000,1.20,-73.991524,40.751572,-73.992577,40.739689
2010000212,2010000212,CMT,1,0,2010-01-01 00:02:33,2010-01-01 00:09:40,1,7.1200000000000000,1.80,-74.00531,40.733334,-74.0047,40.751904
2010000213,2010000213,CMT,1,0,2010-01-01 00:02:34,2010-01-01 00:15:29,1,12.92,2.20,-73.996742,40.722225,-73.98037,40.746708
2010000214,2010000214,CMT,1,0,2010-01-01 00:02:34,2010-01-01 00:12:58,1,10.4,2.00,-73.977997,40.745667,-73.994347,40.763325
2010000215,2010000215,DDS,1,,2010-01-01 00:02:34,2010-01-01 00:07:12,2,4.6300000000000000,0.60,-74.002449,40.728973,-73.981133,40.778343
2010000216,2010000216,CMT,1,0,2010-01-01 00:02:35,2010-01-01 00:23:39,1,21.07,3.60,-73.987038,40.750355,-73.971329,40.785233
2010000217,2010000217,CMT,1,0,2010-01-01 00:02:35,2010-01-01 00:25:49,2,23.23,12.70,-73.870903,40.773788,-73.908844,40.892609
2010000218,2010000218,CMT,1,0,2010-01-01 00:02:36,2010-01-01 00:08:47,1,6.1800000000000000,1.60,-73.976822,40.788353,-73.954285,40.782307
2010000219,2010000219,CMT,1,0,2010-01-01 00:02:37,2010-01-01 00:05:12,1,2.5800000000000000,0.30,-73.977478,40.749531,-73.977951,40.745583
2010000220,2010000220,CMT,1,0,2010-01-01 00:02:37,2010-01-01 00:16:59,1,14.370000000000000,7.30,-73.874596,40.774113,-73.807602,40.700169
2010000221,2010000221,CMT,1,0,2010-01-01 00:02:39,2010-01-01 00:30:24,1,27.75,2.70,-73.979294,40.765312,-73.998337,40.735439
2010000222,2010000222,CMT,1,0,2010-01-01 00:02:39,2010-01-01 00:12:11,1,9.5300000000000000,2.60,-73.969261,40.800812,-73.95845,40.775543
2010000223,2010000223,CMT,1,0,2010-01-01 00:02:39,2010-01-01 00:18:52,1,16.220000000000000,2.60,-73.985207,40.752804,-73.95472,40.769726
2010000224,2010000224,VTS,1,,2010-01-01 00:02:42,2010-01-01 00:02:42,5,0,0.50,-73.979988,40.739056,-73.976013,40.740532
2010000225,2010000225,CMT,1,0,2010-01-01 00:02:43,2010-01-01 00:07:27,3,4.7300000000000000,0.90,-73.981163,40.741451,-73.975868,40.753212
2010000226,2010000226,CMT,1,0,2010-01-01 00:02:43,2010-01-01 00:03:03,1,0.33000000000000000,0.00,-74.011047,40.716282,-74.010925,40.716225
2010000227,2010000227,CMT,1,0,2010-01-01 00:02:44,2010-01-01 00:04:27,1,1.72,0.20,-73.991516,40.722515,-73.992828,40.723877
2010000228,2010000228,CMT,1,0,2010-01-01 00:02:44,2010-01-01 00:33:20,1,30.600000000000000,2.00,-73.978081,40.766403,-73.985359,40.744541
2010000229,2010000229,CMT,1,0,2010-01-01 00:02:45,2010-01-01 00:10:42,1,7.9500000000000000,0.80,-73.973511,40.747944,-73.985062,40.744789
2010000230,2010000230,CMT,1,0,2010-01-01 00:02:46,2010-01-01 00:08:42,2,5.9300000000000000,1.90,-73.992096,40.759037,-73.994942,40.750072
2010000231,2010000231,CMT,1,0,2010-01-01 00:02:46,2010-01-01 00:06:53,2,4.1200000000000000,0.60,-74.003067,40.734299,-73.995171,40.739799
2010000232,2010000232,CMT,1,0,2010-01-01 00:02:47,2010-01-01 00:12:55,1,10.130000000000000,1.50,-73.994461,40.752655,-74.000275,40.735195
2010000233,2010000233,CMT,1,0,2010-01-01 00:02:47,2010-01-01 00:04:51,1,2.0700000000000000,0.60,-73.968109,40.76215,-73.961655,40.768345
2010000234,2010000234,CMT,1,0,2010-01-01 00:02:47,2010-01-01 00:05:52,1,3.0800000000000000,0.30,-73.97438,40.753696,-73.972214,40.754173
2010000235,2010000235,CMT,1,0,2010-01-01 00:02:47,2010-01-01 00:11:52,1,9.0800000000000000,2.00,-73.975204,40.792652,-73.982697,40.769379
2010000236,2010000236,CMT,1,0,2010-01-01 00:02:48,2010-01-01 00:10:18,3,7.5,1.80,-73.958939,40.771374,-73.980659,40.784893
2010000237,2010000237,CMT,1,0,2010-01-01 00:02:48,2010-01-01 00:11:58,1,9.1700000000000000,1.60,-74.004593,40.747868,-73.988846,40.736843
2010000238,2010000238,CMT,1,0,2010-01-01 00:02:48,2010-01-01 00:12:30,2,9.7000000000000000,1.60,-73.985527,40.731747,-73.990379,40.748425
2010000239,2010000239,CMT,1,0,2010-01-01 00:02:51,2010-01-01 00:15:21,1,12.5,5.30,-73.966911,40.804348,-73.926079,40.866302
2010000240,2010000240,CMT,1,0,2010-01-01 00:02:52,2010-01-01 00:11:10,1,8.3000000000000000,2.20,-73.980957,40.774628,-73.967094,40.801895
2010000241,2010000241,CMT,1,0,2010-01-01 00:02:53,2010-01-01 00:06:47,1,3.9000000000000000,0.70,-73.978439,40.736835,-73.978218,40.74498
2010000242,2010000242,CMT,1,0,2010-01-01 00:02:53,2010-01-01 00:08:50,2,5.9500000000000000,0.80,-73.992325,40.758572,-73.991394,40.750149
2010000243,2010000243,DDS,1,,2010-01-01 00:02:53,2010-01-01 00:10:20,2,7.4500000000000000,1.40,-73.969025,40.758015,-73.951508,40.76646
2010000244,2010000244,CMT,1,0,2010-01-01 00:02:53,2010-01-01 00:07:30,1,4.6200000000000000,0.90,-73.98246,40.742496,-73.992126,40.734581
2010000245,2010000245,CMT,1,0,2010-01-01 00:02:54,2010-01-01 00:07:00,1,4.1000000000000000,0.80,-74.031639,40.753338,-74.031639,40.753338
2010000246,2010000246,CMT,1,0,2010-01-01 00:02:54,2010-01-01 00:08:00,1,5.1000000000000000,1.60,-73.969254,40.760651,-73.948807,40.770954
2010000247,2010000247,CMT,1,0,2010-01-01 00:02:54,2010-01-01 00:09:30,1,6.6000000000000000,0.80,-73.989456,40.74733,-73.978729,40.740997
2010000248,2010000248,CMT,1,0,2010-01-01 00:02:55,2010-01-01 00:14:22,4,11.450000000000000,1.70,-73.988914,40.731258,-73.992058,40.749306
2010000249,2010000249,CMT,1,0,2010-01-01 00:02:56,2010-01-01 00:06:48,1,3.8700000000000000,1.00,-73.986351,40.734081,-73.993576,40.721588
2010000250,2010000250,VTS,1,,2010-01-01 00:02:57,2010-01-01 00:02:57,4,0,0.96,-73.936081,40.806236,-73.945007,40.794136
2010000251,2010000251,CMT,1,0,2010-01-01 00:02:57,2010-01-01 00:06:29,3,3.5300000000000000,0.50,-73.995178,40.72525,-73.999802,40.730289
2010000252,2010000252,CMT,1,0,2010-01-01 00:02:57,2010-01-01 00:11:53,3,8.9300000000000000,1.60,-73.980118,40.747517,-74.004562,40.752048
2010000253,2010000253,DDS,1,,2010-01-01 00:02:58,2010-01-01 00:08:26,1,5.46,1.00,-73.99559,40.763802,-73.980484,40.761772
2010000254,2010000254,CMT,1,0,2010-01-01 00:02:58,2010-01-01 00:20:42,1,17.73,2.90,-73.975304,40.762405,-73.987831,40.728546
2010000255,2010000255,CMT,1,0,2010-01-01 00:02:59,2010-01-01 00:09:59,1,7,1.20,-73.987915,40.732056,-73.981247,40.737961
2010000256,2010000256,VTS,1,,2010-01-01 00:03:00,2010-01-01 00:38:00,1,35,3.19,-73.978355,40.766548,-73.994881,40.728958
2010000257,2010000257,VTS,1,,2010-01-01 00:03:00,2010-01-01 00:28:00,1,25,4.13,-73.987709,40.721302,-73.992027,40.759193
2010000258,2010000258,VTS,1,,2010-01-01 00:03:00,2010-01-01 00:33:00,1,30,4.92,-73.963394,40.758553,-73.998535,40.732216
2010000259,2010000259,VTS,1,,2010-01-01 00:03:00,2010-01-01 00:31:00,5,28,4.15,-74.000137,40.728607,-73.963829,40.774036
2010000260,2010000260,VTS,1,,2010-01-01 00:03:00,2010-01-01 00:35:00,1,32,0.26,-73.983284,40.755268,-74.003136,40.749123
2010000261,2010000261,VTS,1,,2010-01-01 00:03:00,2010-01-01 00:26:00,1,23,6.50,-73.981514,40.732788,-73.908821,40.702908
2010000262,2010000262,VTS,1,,2010-01-01 00:03:00,2010-01-01 00:29:00,3,26,13.45,-73.948822,40.776615,-74.000908,40.642181
2010000263,2010000263,VTS,1,,2010-01-01 00:03:00,2010-01-01 00:33:00,5,30,7.87,-74.005928,40.745197,-73.919716,40.704964
2010000264,2010000264,VTS,1,,2010-01-01 00:03:00,2010-01-01 00:27:00,3,24,6.29,-74.131477,40.796204,-74.269325,40.030048
2010000265,2010000265,VTS,1,,2010-01-01 00:03:00,2010-01-01 00:46:00,1,43,0.36,-748,40.73473,-73.97348,40.764717
2010000266,2010000266,CMT,1,0,2010-01-01 00:03:00,2010-01-01 00:16:45,1,13.75,1.10,-73.994461,40.74942,-73.977898,40.751904
2010000267,2010000267,VTS,1,,2010-01-01 00:03:00,2010-01-01 00:34:00,1,31,6.66,-73.983727,40.746578,-73.986862,40.747822
2010000268,2010000268,VTS,1,,2010-01-01 00:03:00,2010-01-01 00:27:00,1,24,13.71,-73.95681,40.768276,-74.026428,40.635841
2010000269,2010000269,CMT,1,0,2010-01-01 00:03:01,2010-01-01 00:07:11,3,4.1700000000000000,0.70,-74.011642,40.704304,-74.014938,40.709572
2010000270,2010000270,VTS,1,,2010-01-01 00:03:01,2010-01-01 00:03:01,1,0,0.49,-73.948608,40.777794,-73.951653,40.783058
2010000271,2010000271,VTS,1,,2010-01-01 00:03:04,2010-01-01 00:03:04,5,0,1.50,-73.980591,40.733994,-73.971176,40.751347
2010000272,2010000272,CMT,1,0,2010-01-01 00:03:04,2010-01-01 00:09:12,2,6.1300000000000000,0.90,-74.002594,40.739677,-74.002678,40.75
2010000273,2010000273,CMT,1,0,2010-01-01 00:03:04,2010-01-01 00:13:51,2,10.780000000000000,4.90,-73.988365,40.723415,-74.015953,40.715092
2010000274,2010000274,CMT,1,0,2010-01-01 00:03:05,2010-01-01 00:29:01,1,25.93,1.10,-73.979324,40.76693,-73.979523,40.754269
2010000275,2010000275,CMT,1,0,2010-01-01 00:03:06,2010-01-01 00:17:43,1,14.620000000000000,2.30,-73.969254,40.798603,-73.942268,40.798904
2010000276,2010000276,CMT,1,0,2010-01-01 00:03:07,2010-01-01 00:19:32,1,16.420000000000000,9.20,-73.870834,40.773746,-73.986694,40.729691
2010000277,2010000277,CMT,1,0,2010-01-01 00:03:07,2010-01-01 00:23:19,3,20.200000000000000,4.80,-74.003853,40.722443,-73.977997,40.777031
2010000278,2010000278,CMT,1,0,2010-01-01 00:03:08,2010-01-01 00:28:28,1,25.330000000000000,7.20,0,0,0,0
2010000279,2010000279,DDS,1,,2010-01-01 00:03:08,2010-01-01 00:33:22,1,30.23,8.90,-73.965927,40.773933,-73.933159,40.741985
2010000280,2010000280,CMT,1,0,2010-01-01 00:03:08,2010-01-01 00:11:52,1,8.7300000000000000,3.20,-73.988014,40.722549,-74.007561,40.707554
2010000281,2010000281,CMT,1,0,2010-01-01 00:03:09,2010-01-01 00:09:33,1,6.4000000000000000,1.10,-74.004555,40.742214,-73.988457,40.734417
2010000282,2010000282,CMT,1,0,2010-01-01 00:03:09,2010-01-01 00:07:07,1,3.9700000000000000,0.70,-74.001297,40.722588,-74.005829,40.728638
2010000283,2010000283,DDS,1,,2010-01-01 00:03:10,2010-01-01 00:12:14,1,9.0600000000000000,1.50,-73.992828,40.763157,-73.912201,40.830956
2010000284,2010000284,DDS,1,,2010-01-01 00:03:11,2010-01-01 00:14:41,2,11.5,2.50,-73.986076,40.777283,-73.983475,40.781296
2010000285,2010000285,CMT,1,0,2010-01-01 00:03:11,2010-01-01 00:08:15,1,5.0700000000000000,1.40,-73.961868,40.805454,-73.972313,40.790691
2010000286,2010000286,CMT,1,0,2010-01-01 00:03:13,2010-01-01 00:07:05,1,3.8700000000000000,0.60,-73.999359,40.729961,-74.004478,40.730835
2010000287,2010000287,VTS,1,,2010-01-01 00:03:13,2010-01-01 00:03:13,1,0,0.51,-73.98481,40.769199,-73.989449,40.762608
2010000288,2010000288,CMT,1,0,2010-01-01 00:03:13,2010-01-01 00:19:40,1,16.450000000000000,5.30,-73.975769,40.740623,-73.970711,40.798405
2010000289,2010000289,CMT,1,0,2010-01-01 00:03:13,2010-01-01 00:09:33,1,6.3300000000000000,1.80,-73.985306,40.747402,-74.000435,40.726284
2010000290,2010000290,DDS,1,,2010-01-01 00:03:14,2010-01-01 00:19:25,1,16.18,3.40,-73.978134,40.729538,-73.945862,40.775391
2010000291,2010000291,CMT,1,0,2010-01-01 00:03:14,2010-01-01 00:28:29,1,25.25,7.90,-73.986687,40.743065,-73.950554,40.828583
2010000292,2010000292,CMT,1,0,2010-01-01 00:03:15,2010-01-01 00:06:00,1,2.75,0.50,-73.980766,40.774822,-73.977325,40.774391
2010000293,2010000293,CMT,1,0,2010-01-01 00:03:15,2010-01-01 00:08:38,2,5.3800000000000000,1.00,-73.981148,40.759293,-73.973709,40.755325
2010000294,2010000294,CMT,1,0,2010-01-01 00:03:15,2010-01-01 00:12:19,1,9.0700000000000000,2.20,-73.99408,40.761303,-73.989609,40.739841
2010000295,2010000295,CMT,1,0,2010-01-01 00:03:15,2010-01-01 00:22:46,1,19.52,13.00,-73.870872,40.773773,-73.992271,40.664314
2010000296,2010000296,CMT,1,0,2010-01-01 00:03:16,2010-01-01 00:07:23,2,4.1200000000000000,0.50,-73.999054,40.724907,-74.004295,40.721874
2010000297,2010000297,CMT,1,0,2010-01-01 00:03:17,2010-01-01 00:08:27,2,5.1700000000000000,1.10,-73.977554,40.684387,-73.974533,40.673344
2010000298,2010000298,CMT,1,0,2010-01-01 00:03:17,2010-01-01 00:09:11,1,5.9000000000000000,1.30,-73.98555,40.744267,-73.991791,40.729939
2010000299,2010000299,VTS,1,,2010-01-01 00:03:18,2010-01-01 00:03:18,1,0,0.45,-73.940331,40.806232,-73.936356,40.811642
2010000300,2010000300,CMT,1,0,2010-01-01 00:03:18,2010-01-01 00:14:49,1,11.52,1.20,0,0,0,0
2010000301,2010000301,CMT,1,0,2010-01-01 00:03:19,2010-01-01 00:16:30,1,13.18,3.70,-73.95536,40.707478,-74.006302,40.733566
2010000302,2010000302,CMT,1,0,2010-01-01 00:03:19,2010-01-01 00:21:23,3,18.07,4.50,-74.007828,40.716389,-73.963219,40.755936
2010000303,2010000303,DDS,1,,2010-01-01 00:03:19,2010-01-01 00:17:29,1,14.16,3.40,-73.98037,40.751488,-73.96151,40.764301
2010000304,2010000304,CMT,1,0,2010-01-01 00:03:19,2010-01-01 00:20:30,1,17.18,8.70,-73.874496,40.773998,-73.871506,40.705078
2010000305,2010000305,CMT,1,0,2010-01-01 00:03:19,2010-01-01 00:15:24,1,12.08,5.80,-73.874702,40.773972,-73.921333,40.739151
2010000306,2010000306,CMT,1,0,2010-01-01 00:03:20,2010-01-01 00:07:27,1,4.1200000000000000,0.90,-73.981689,40.767757,-73.974136,40.77874
2010000307,2010000307,CMT,1,0,2010-01-01 00:03:21,2010-01-01 00:20:04,2,16.720000000000000,4.00,-73.989868,40.749805,-73.94957,40.784943
2010000308,2010000308,CMT,1,0,2010-01-01 00:03:21,2010-01-01 00:07:53,1,4.5300000000000000,1.10,-73.992516,40.749207,-74.005341,40.74498
2010000309,2010000309,CMT,1,0,2010-01-01 00:03:21,2010-01-01 00:24:29,4,21.130000000000000,4.40,-73.988785,40.731136,-73.985764,40.777115
2010000310,2010000310,CMT,1,0,2010-01-01 00:03:21,2010-01-01 00:29:05,2,25.73,20.10,-73.788742,40.647045,-73.938652,40.851013
2010000311,2010000311,CMT,1,0,2010-01-01 00:03:23,2010-01-01 00:13:08,4,9.75,1.00,-73.98204,40.740433,-73.987045,40.747856
2010000312,2010000312,DDS,1,,2010-01-01 00:03:23,2010-01-01 00:18:58,1,15.58,2.40,-73.982803,40.769287,-73.965012,40.801392
2010000313,2010000313,CMT,1,0,2010-01-01 00:03:23,2010-01-01 00:13:37,4,10.23,1.60,-73.9785,40.741268,-73.987343,40.722507
2010000314,2010000314,CMT,1,0,2010-01-01 00:03:25,2010-01-01 00:16:32,2,13.120000000000000,3.70,-73.9496,40.781376,-73.978661,40.743626
2010000315,2010000315,CMT,1,0,2010-01-01 00:03:26,2010-01-01 00:23:57,2,20.52,6.10,-73.990479,40.740383,-73.933945,40.723652
2010000316,2010000316,CMT,1,0,2010-01-01 00:03:26,2010-01-01 00:07:25,1,3.98,0.70,-73.995102,40.725163,-73.995659,40.732826
2010000317,2010000317,CMT,1,0,2010-01-01 00:03:27,2010-01-01 00:07:23,1,3.9300000000000000,0.90,-73.983513,40.780872,-73.9767,40.792656
2010000318,2010000318,CMT,1,0,2010-01-01 00:03:27,2010-01-01 00:32:50,1,29.380000000000000,4.00,-73.978973,40.761898,-74.001129,40.718796
2010000319,2010000319,CMT,1,0,2010-01-01 00:03:27,2010-01-01 00:10:16,1,6.8200000000000000,1.10,-73.990746,40.724514,-74.005547,40.732574
2010000320,2010000320,CMT,1,0,2010-01-01 00:03:29,2010-01-01 00:18:37,1,15.130000000000000,2.80,-74.007256,40.715416,-73.98037,40.74017
2010000321,2010000321,CMT,1,0,2010-01-01 00:03:30,2010-01-01 00:14:20,1,10.83,2.10,-73.991249,40.760807,-74.005989,40.733215
2010000322,2010000322,CMT,1,0,2010-01-01 00:03:30,2010-01-01 00:16:29,2,12.98,1.90,-73.997597,40.761192,-73.982124,40.744308
2010000323,2010000323,CMT,1,0,2010-01-01 00:03:31,2010-01-01 00:17:06,1,13.58,4.40,-73.981125,40.729328,-73.948006,40.783081
2010000324,2010000324,CMT,1,0,2010-01-01 00:03:31,2010-01-01 00:16:37,2,13.1,3.10,-73.979591,40.765678,-73.973854,40.783001
2010000325,2010000325,CMT,1,0,2010-01-01 00:03:31,2010-01-01 00:09:39,2,6.1300000000000000,0.60,-73.982407,40.756714,-73.972145,40.754505
2010000326,2010000326,DDS,1,,2010-01-01 00:03:31,2010-01-01 00:18:23,1,14.860000000000000,2.10,-73.983795,40.746624,-73.959053,40.773327
2010000327,2010000327,CMT,1,0,2010-01-01 00:03:34,2010-01-01 00:14:00,4,10.43,1.50,-73.992516,40.75882,-73.976616,40.751564
2010000328,2010000328,CMT,1,0,2010-01-01 00:03:34,2010-01-01 00:19:43,2,16.150000000000000,3.20,-73.985161,40.763573,-73.975769,40.74472
2010000329,2010000329,DDS,1,,2010-01-01 00:03:36,2010-01-01 00:06:28,2,2.8600000000000000,0.90,-73.985916,40.752121,-73.979675,40.783894
2010000330,2010000330,CMT,1,0,2010-01-01 00:03:36,2010-01-01 00:07:24,4,3.8000000000000000,1.40,-73.989838,40.752171,-74.002785,40.733719
2010000331,2010000331,CMT,1,0,2010-01-01 00:03:37,2010-01-01 00:11:01,1,7.4000000000000000,2.00,-73.957359,40.717606,-73.933052,40.709385
2010000332,2010000332,CMT,1,0,2010-01-01 00:03:37,2010-01-01 00:09:56,1,6.3200000000000000,0.90,-74.005264,40.737198,-73.998505,40.729755
2010000333,2010000333,CMT,1,0,2010-01-01 00:03:37,2010-01-01 00:19:23,1,15.77,3.20,-73.988251,40.723076,-73.972908,40.755028
2010000334,2010000334,CMT,1,0,2010-01-01 00:03:39,2010-01-01 00:08:18,1,4.6500000000000000,1.40,-73.992043,40.749908,-73.991638,40.735435
2010000335,2010000335,CMT,1,0,2010-01-01 00:03:39,2010-01-01 00:12:25,1,8.7700000000000000,2.00,-73.975204,40.763073,-73.987946,40.738049
2010000336,2010000336,CMT,1,0,2010-01-01 00:03:41,2010-01-01 00:11:24,1,7.7200000000000000,1.70,-73.968742,40.754436,-73.987267,40.737511
2010000337,2010000337,CMT,1,0,2010-01-01 00:03:41,2010-01-01 00:07:06,1,3.4200000000000000,0.70,-73.995041,40.739273,-74.002571,40.733425
2010000338,2010000338,CMT,1,0,2010-01-01 00:03:41,2010-01-01 00:12:05,1,8.4000000000000000,0.60,-73.983849,40.746597,-73.98558,40.753078
2010000339,2010000339,CMT,1,0,2010-01-01 00:03:42,2010-01-01 00:20:25,1,16.720000000000000,2.80,-73.923241,40.743923,-73.892998,40.746674
2010000340,2010000340,CMT,1,0,2010-01-01 00:03:42,2010-01-01 00:05:29,1,1.78,0.30,-73.980507,40.782951,-73.982658,40.777714
2010000341,2010000341,DDS,1,,2010-01-01 00:03:43,2010-01-01 00:15:59,3,12.26,1.20,0,0,0,0
2010000342,2010000342,CMT,1,0,2010-01-01 00:03:44,2010-01-01 00:18:41,4,14.950000000000000,2.00,-73.986366,40.762527,-73.96357,40.761879
2010000343,2010000343,CMT,1,0,2010-01-01 00:03:44,2010-01-01 00:06:32,1,2.8000000000000000,0.90,-73.954636,40.769855,-73.953278,40.780296
2010000344,2010000344,CMT,1,0,2010-01-01 00:03:44,2010-01-01 00:20:41,2,16.950000000000000,2.60,-73.972633,40.78595,-73.992439,40.753471
2010000141,2010000141,CMT,1,0,2010-01-01 00:03:44,2010-01-01 00:11:09,3,7.4200000000000000,1.20,-73.985634,40.762924,-73.996315,40.75322
2010000345,2010000345,CMT,1,0,2010-01-01 00:03:45,2010-01-01 00:09:31,1,5.7700000000000000,1.50,-73.986725,40.759766,-73.964088,40.761681
2010000346,2010000346,VTS,1,,2010-01-01 00:03:46,2010-01-01 00:03:46,2,0,0.70,-73.938896,40.799377,-73.936989,40.806728
2010000347,2010000347,CMT,1,0,2010-01-01 00:03:47,2010-01-01 00:18:12,2,14.42,3.90,-74.002335,40.734474,-73.982262,40.774696
2010000348,2010000348,CMT,1,0,2010-01-01 00:03:47,2010-01-01 00:05:59,1,2.2000000000000000,0.10,-73.9394,40.706982,-73.939911,40.708538
2010000349,2010000349,VTS,1,,2010-01-01 00:03:48,2010-01-01 00:03:48,1,0,0.46,-73.95295,40.822609,-73.948898,40.828274
2010000350,2010000350,CMT,1,0,2010-01-01 00:03:49,2010-01-01 00:08:19,1,4.5,0.50,-74.005379,40.738846,-74.002144,40.734482
2010000014,2010000014,CMT,1,0,2010-01-01 00:03:50,2010-01-01 00:10:17,2,6.4500000000000000,1.30,-73.990532,40.7141,-73.981911,40.728245
2010000351,2010000351,CMT,1,0,2010-01-01 00:03:50,2010-01-01 00:09:56,1,6.1000000000000000,0.60,-73.995979,40.753674,-73.992203,40.74855
2010000352,2010000352,CMT,1,0,2010-01-01 00:03:50,2010-01-01 00:11:53,3,8.0500000000000000,1.00,-73.994118,40.751122,-73.999771,40.761539
2010000353,2010000353,CMT,1,0,2010-01-01 00:03:51,2010-01-01 00:14:05,1,10.23,3.80,-73.953873,40.770855,-73.990822,40.750809
2010000354,2010000354,CMT,1,0,2010-01-01 00:03:52,2010-01-01 00:13:45,1,9.8800000000000000,1.60,-73.986069,40.738514,-73.972031,40.756989
2010000355,2010000355,CMT,1,0,2010-01-01 00:03:52,2010-01-01 00:08:54,1,5.0300000000000000,0.60,-74.002983,40.73996,-73.998848,40.742249
2010000356,2010000356,CMT,1,0,2010-01-01 00:03:54,2010-01-01 00:18:13,1,14.32,5.70,-73.929848,40.812569,-73.940582,40.825619
2010000357,2010000357,CMT,1,0,2010-01-01 00:03:54,2010-01-01 00:17:40,1,13.77,1.10,-73.994278,40.750965,-73.97744,40.751984
2010000358,2010000358,CMT,1,0,2010-01-01 00:03:54,2010-01-01 00:09:19,1,5.4200000000000000,0.60,-73.978485,40.684101,-73.980286,40.676739
2010000359,2010000359,DDS,1,,2010-01-01 00:03:55,2010-01-01 00:25:54,4,21.98,1.70,-73.952126,40.769512,-73.951462,40.773537
2010000360,2010000360,CMT,1,0,2010-01-01 00:03:55,2010-01-01 00:17:30,1,13.58,1.40,-73.990685,40.76091,-73.989136,40.748714
2010000361,2010000361,CMT,1,0,2010-01-01 00:03:56,2010-01-01 00:09:23,1,5.4500000000000000,2.10,-73.964203,40.760525,-73.947685,40.783619
2010000362,2010000362,CMT,1,0,2010-01-01 00:03:56,2010-01-01 00:30:05,2,26.150000000000000,9.70,-73.994339,40.756035,-74.009659,40.649422
2010000363,2010000363,CMT,1,0,2010-01-01 00:03:57,2010-01-01 00:09:52,2,5.9200000000000000,1.10,-73.988266,40.720032,-73.980774,40.733704
2010000364,2010000364,CMT,1,0,2010-01-01 00:03:57,2010-01-01 00:14:26,1,10.48,2.00,-73.946915,40.776085,-73.969269,40.763748
2010000365,2010000365,CMT,1,0,2010-01-01 00:03:58,2010-01-01 00:09:39,2,5.6800000000000000,1.70,-73.96862,40.765656,-73.952148,40.78307
2010000366,2010000366,CMT,1,0,2010-01-01 00:03:58,2010-01-01 00:22:04,1,18.100000000000000,8.50,-73.78183,40.64481,-73.765495,40.711823
2010000367,2010000367,CMT,1,0,2010-01-01 00:03:58,2010-01-01 00:18:04,1,14.1,2.50,-74.002586,40.733368,-73.980797,40.712376
2010000368,2010000368,CMT,1,0,2010-01-01 00:03:59,2010-01-01 00:14:14,2,10.25,3.20,-73.975235,40.750511,-73.969597,40.785133
2010000369,2010000369,CMT,1,0,2010-01-01 00:03:59,2010-01-01 00:27:41,2,23.700000000000000,9.90,-73.872971,40.774052,-73.979065,40.780945
2010000370,2010000370,CMT,1,0,2010-01-01 00:03:59,2010-01-01 00:33:57,1,29.970000000000000,12.40,-73.982079,40.776276,-73.970604,40.79755
2010000371,2010000371,VTS,1,,2010-01-01 00:04:00,2010-01-01 00:35:00,2,31,9.77,-73.981911,40.757408,-73.945503,40.833096
2010000372,2010000372,VTS,1,,2010-01-01 00:04:00,2010-01-01 00:23:00,5,19,4.22,-74.007469,40.743217,-73.976936,40.79084
2010000373,2010000373,VTS,1,,2010-01-01 00:04:00,2010-01-01 00:29:00,2,25,7.50,-73.967804,40.802456,-73.992996,40.724171
2010000374,2010000374,VTS,1,,2010-01-01 00:04:00,2010-01-01 00:33:00,2,29,7.97,-73.982056,40.778522,-73.929955,40.700798
2010000375,2010000375,VTS,1,,2010-01-01 00:04:00,2010-01-01 00:32:00,5,28,3.87,-73.969864,40.761044,-73.98156,40.776932
2010000376,2010000376,VTS,1,,2010-01-01 00:04:00,2010-01-01 00:27:00,1,23,14.41,-73.789864,40.646889,-73.909302,40.74802
2010000377,2010000377,VTS,1,,2010-01-01 00:04:00,2010-01-01 00:22:00,5,18,6.69,-73.974442,40.783428,-73.990349,40.723511
2010000378,2010000378,CMT,1,0,2010-01-01 00:04:00,2010-01-01 00:08:30,1,4.5,0.60,-73.967255,40.756844,-73.97496,40.759304
2010000379,2010000379,VTS,1,,2010-01-01 00:04:00,2010-01-01 00:33:00,2,29,10.88,-73.988281,40.71999,-73.942558,40.837997
2010000380,2010000380,VTS,1,,2010-01-01 00:04:00,2010-01-01 00:14:00,1,10,1.96,-74.006714,40.741455,-73.980026,40.743267
2010000381,2010000381,VTS,1,,2010-01-01 00:04:00,2010-01-01 00:23:00,3,19,6.29,-73.98671,40.722286,-73.975372,40.790195
2010000382,2010000382,VTS,1,,2010-01-01 00:04:00,2010-01-01 00:41:00,1,37,9.47,-73.984306,40.732906,-73.985565,40.735119
2010000383,2010000383,VTS,1,,2010-01-01 00:04:00,2010-01-01 00:25:00,5,21,1.45,-73.978203,40.763084,-73.982346,40.747532
2010000384,2010000384,VTS,1,,2010-01-01 00:04:00,2010-01-01 00:29:00,1,25,4.45,-73.984558,40.771477,-73.978294,40.731056
2010000385,2010000385,VTS,1,,2010-01-01 00:04:00,2010-01-01 00:15:00,1,11,2.35,-73.982277,40.782883,-73.950226,40.775654
2010000386,2010000386,VTS,1,,2010-01-01 00:04:00,2010-01-01 00:15:00,1,11,1.89,-73.981911,40.728302,-73.9823,40.748936
2010000387,2010000387,CMT,1,0,2010-01-01 00:04:00,2010-01-01 00:38:00,1,34,8.20,-74.001366,40.727543,-73.880478,40.6814
2010000124,2010000124,VTS,1,,2010-01-01 00:04:00,2010-01-01 00:34:00,3,30,4.42,-73.949036,40.797173,-73.993301,40.747189
2010000388,2010000388,VTS,1,,2010-01-01 00:04:00,2010-01-01 00:31:00,3,27,1.93,-73.978409,40.766453,-73.985359,40.744339
2010000389,2010000389,VTS,1,,2010-01-01 00:04:00,2010-01-01 00:15:00,5,11,2.72,-73.988091,40.745728,-74.004456,40.717052
2010000390,2010000390,VTS,1,,2010-01-01 00:04:00,2010-01-01 00:23:00,2,19,2.43,-73.972969,40.763554,-73.994385,40.749165
2010000391,2010000391,VTS,1,,2010-01-01 00:04:00,2010-01-01 00:32:00,1,28,4.00,-73.982445,40.771576,-73.991547,40.726768
2010000392,2010000392,VTS,1,,2010-01-01 00:04:00,2010-01-01 00:24:00,2,20,3.87,-73.974716,40.783085,-74.004471,40.733486
2010000393,2010000393,DDS,1,,2010-01-01 00:04:00,2010-01-01 00:09:02,2,5.0300000000000000,1.10,-73.987801,40.779388,-74.00927,40.720684
2010000394,2010000394,CMT,1,0,2010-01-01 00:04:02,2010-01-01 00:14:42,4,10.67,1.70,-73.989311,40.72337,-73.9842,40.744858
2010000395,2010000395,DDS,1,,2010-01-01 00:04:02,2010-01-01 00:35:07,2,31.080000000000000,16.00,-74.010056,40.720474,-73.962936,40.772251
2010000396,2010000396,CMT,1,0,2010-01-01 00:04:02,2010-01-01 00:11:16,1,7.2300000000000000,1.20,-74.004509,40.747917,-74.002586,40.751915
2010000397,2010000397,VTS,1,,2010-01-01 00:04:02,2010-01-01 00:04:02,1,0,0.13,-73.981712,40.768078,-73.982697,40.769577
2010000398,2010000398,CMT,1,0,2010-01-01 00:04:03,2010-01-01 00:07:43,2,3.6700000000000000,0.50,-73.967484,40.765163,-73.959885,40.762844
2010000399,2010000399,DDS,1,,2010-01-01 00:04:03,2010-01-01 00:09:46,1,5.71,1.00,-73.980652,40.76321,-74.00103,40.751202
2010000400,2010000400,CMT,1,0,2010-01-01 00:04:04,2010-01-01 00:24:32,1,20.470000000000000,2.00,-73.959259,40.763428,-73.974876,40.752228
2010000401,2010000401,CMT,1,0,2010-01-01 00:04:06,2010-01-01 00:20:33,1,16.450000000000000,2.90,-73.967163,40.760315,-73.996582,40.737991
2010000402,2010000402,CMT,1,0,2010-01-01 00:04:06,2010-01-01 00:19:51,1,15.75,0.00,-73.998024,40.756283,-73.998016,40.756279
2010000403,2010000403,VTS,1,,2010-01-01 00:04:07,2010-01-01 00:04:07,1,0,0.31,-73.982452,40.723228,-73.982246,40.722389
2010000404,2010000404,CMT,1,0,2010-01-01 00:04:08,2010-01-01 00:16:08,4,12,3.10,-73.967644,40.800491,-73.963623,40.768379
2010000405,2010000405,VTS,1,,2010-01-01 00:04:09,2010-01-01 00:04:09,4,0,1.21,-73.959343,40.767544,-73.969902,40.752686
2010000406,2010000406,DDS,1,,2010-01-01 00:04:09,2010-01-01 00:11:55,2,7.7600000000000000,1.40,-73.970955,40.751488,-73.973549,40.750446
2010000407,2010000407,VTS,1,,2010-01-01 00:04:09,2010-01-01 00:04:09,1,0,0.00,-73.977234,40.776951,-73.977234,40.776878
2010000408,2010000408,CMT,1,0,2010-01-01 00:04:10,2010-01-01 00:09:07,1,4.9500000000000000,1.60,-73.970581,40.756001,-73.963303,40.775211
2010000409,2010000409,VTS,1,,2010-01-01 00:04:10,2010-01-01 00:04:10,1,0,0.00,-73.777328,40.644798,-73.777321,40.64481
2010000410,2010000410,CMT,1,0,2010-01-01 00:04:10,2010-01-01 00:17:27,4,13.280000000000000,2.70,-73.963051,40.719151,-73.99102,40.717258
2010000411,2010000411,CMT,1,0,2010-01-01 00:04:10,2010-01-01 00:17:14,1,13.07,2.80,-73.969856,40.7896,-73.995979,40.75378
2010000412,2010000412,CMT,1,0,2010-01-01 00:04:11,2010-01-01 00:12:15,1,8.0700000000000000,2.00,-73.973785,40.792095,-73.983582,40.766106
2010000413,2010000413,CMT,1,0,2010-01-01 00:04:11,2010-01-01 00:12:55,2,8.7300000000000000,0.70,-73.983246,40.756542,-73.973259,40.757195
2010000414,2010000414,CMT,1,0,2010-01-01 00:04:12,2010-01-01 00:16:54,3,12.700000000000000,1.80,-73.989624,40.729809,-73.986526,40.750313
2010000415,2010000415,CMT,1,0,2010-01-01 00:04:13,2010-01-01 00:37:54,4,33.68,11.60,-73.979774,40.75227,-73.892006,40.854424
2010000416,2010000416,CMT,1,0,2010-01-01 00:04:13,2010-01-01 00:22:45,1,18.530000000000000,3.40,-73.953743,40.775402,-73.99675,40.766506
2010000417,2010000417,CMT,1,0,2010-01-01 00:04:13,2010-01-01 00:14:46,1,10.550000000000000,2.60,-73.96759,40.765221,-73.975014,40.79184
2010000418,2010000418,DDS,1,,2010-01-01 00:04:13,2010-01-01 00:19:00,1,14.780000000000000,5.80,-73.983139,40.781555,-73.979713,40.786396
2010000419,2010000419,CMT,1,0,2010-01-01 00:04:14,2010-01-01 00:18:04,1,13.83,2.30,-73.983444,40.757034,-73.953865,40.76712
2010000420,2010000420,CMT,1,0,2010-01-01 00:04:14,2010-01-01 00:10:01,1,5.7800000000000000,1.10,-73.987785,40.721172,-73.983833,40.731968
2010000421,2010000421,CMT,1,0,2010-01-01 00:04:16,2010-01-01 00:09:14,2,4.9700000000000000,1.30,-73.981796,40.772797,-73.961212,40.76915
2010000422,2010000422,CMT,1,0,2010-01-01 00:04:16,2010-01-01 00:10:17,1,6.0200000000000000,0.90,-73.984612,40.742542,-73.998238,40.745277
2010000423,2010000423,CMT,1,0,2010-01-01 00:04:16,2010-01-01 00:08:08,2,3.8700000000000000,0.80,-73.979286,40.760246,-73.971313,40.765236
2010000424,2010000424,CMT,1,0,2010-01-01 00:04:17,2010-01-01 00:11:41,1,7.4000000000000000,0.90,-73.989738,40.738533,-73.982979,40.738682
2010000425,2010000425,CMT,1,0,2010-01-01 00:04:18,2010-01-01 00:21:49,1,17.52,3.70,-73.964378,40.760662,-74.002708,40.718479
2010000426,2010000426,CMT,1,0,2010-01-01 00:04:18,2010-01-01 00:14:16,3,9.9700000000000000,2.00,-73.980865,40.753712,-73.989738,40.729786
2010000427,2010000427,DDS,1,,2010-01-01 00:04:18,2010-01-01 00:16:00,2,11.700000000000000,1.50,-73.974579,40.750294,-74.013786,40.714718
2010000428,2010000428,CMT,1,0,2010-01-01 00:04:20,2010-01-01 00:32:52,2,28.530000000000000,7.90,-73.987755,40.732826,-73.944374,40.817303
2010000429,2010000429,CMT,1,0,2010-01-01 00:04:22,2010-01-01 00:12:58,2,8.6000000000000000,2.20,-73.972389,40.786587,-73.962212,40.764565
2010000430,2010000430,CMT,1,0,2010-01-01 00:04:22,2010-01-01 00:27:01,1,22.650000000000000,5.30,-73.994987,40.749954,-73.949905,40.803799
2010000431,2010000431,CMT,1,0,2010-01-01 00:04:22,2010-01-01 00:05:13,1,0.85000000000000000,0.20,-73.94178,40.807095,-73.945267,40.807774
2010000432,2010000432,CMT,1,0,2010-01-01 00:04:24,2010-01-01 00:16:47,2,12.380000000000000,4.50,-73.981232,40.753632,-73.984734,40.715424
2010000433,2010000433,CMT,1,0,2010-01-01 00:04:25,2010-01-01 00:16:41,2,12.27,3.00,-73.980415,40.754459,-73.994621,40.719612
2010000434,2010000434,CMT,1,0,2010-01-01 00:04:26,2010-01-01 00:26:45,1,22.32,6.30,-73.9869,40.719612,-73.968895,40.790428
2010000435,2010000435,VTS,1,,2010-01-01 00:04:26,2010-01-01 00:04:26,3,0,0.74,-73.949341,40.777046,-73.942505,40.786213
2010000436,2010000436,CMT,1,0,2010-01-01 00:04:26,2010-01-01 00:19:13,1,14.780000000000000,3.30,-73.962486,40.710075,-74.008652,40.716068
2010000437,2010000437,CMT,1,0,2010-01-01 00:04:26,2010-01-01 00:15:55,1,11.48,1.60,-73.984528,40.754269,-73.962135,40.764118
2010000438,2010000438,CMT,1,0,2010-01-01 00:04:27,2010-01-01 00:35:54,1,31.450000000000000,7.40,-73.98307,40.75663,-73.858917,40.753948
2010000439,2010000439,CMT,1,0,2010-01-01 00:04:27,2010-01-01 00:18:49,1,14.370000000000000,3.50,-73.916916,40.837025,-73.937675,40.80864
2010000440,2010000440,CMT,1,0,2010-01-01 00:04:28,2010-01-01 00:09:38,1,5.1700000000000000,1.30,-73.954018,40.7705,-73.948318,40.784328
2010000441,2010000441,DDS,1,,2010-01-01 00:04:29,2010-01-01 00:24:21,1,19.860000000000000,3.40,-73.972641,40.764797,-74.000137,40.744278
2010000442,2010000442,CMT,1,0,2010-01-01 00:04:29,2010-01-01 00:19:24,1,14.92,4.50,-73.99015,40.725735,-73.954529,40.774906
2010000443,2010000443,CMT,1,0,2010-01-01 00:04:29,2010-01-01 00:19:07,1,14.630000000000000,1.70,-73.987427,40.765659,-73.987732,40.746498
2010000444,2010000444,CMT,1,0,2010-01-01 00:04:30,2010-01-01 00:14:18,1,9.8000000000000000,1.90,-74.005569,40.741127,-73.989998,40.762348
2010000445,2010000445,CMT,1,0,2010-01-01 00:04:30,2010-01-01 00:16:47,1,12.280000000000000,2.90,-73.973366,40.786961,-73.961113,40.756832
2010000446,2010000446,CMT,1,0,2010-01-01 00:04:30,2010-01-01 00:13:36,2,9.1000000000000000,2.50,-73.994392,40.755852,-74.005951,40.723831
2010000447,2010000447,DDS,1,,2010-01-01 00:04:30,2010-01-01 00:08:26,1,3.9300000000000000,0.50,-73.990341,40.740463,-73.97229,40.745766
2010000448,2010000448,CMT,1,0,2010-01-01 00:04:30,2010-01-01 00:08:54,1,4.4000000000000000,1.70,-73.969498,40.7663,-73.953773,40.787739
2010000449,2010000449,CMT,1,0,2010-01-01 00:04:31,2010-01-01 00:21:30,4,16.98,1.50,-73.988396,40.738834,-73.978355,40.756546
2010000450,2010000450,CMT,1,0,2010-01-01 00:04:31,2010-01-01 00:06:42,2,2.1800000000000000,0.10,-73.993958,40.751648,-73.995277,40.752979
2010000451,2010000451,CMT,1,0,2010-01-01 00:04:33,2010-01-01 00:46:25,1,41.870000000000000,12.60,-73.965485,40.795647,-73.957466,40.65131
2010000452,2010000452,CMT,1,0,2010-01-01 00:04:33,2010-01-01 00:07:09,1,2.6000000000000000,0.40,-73.985214,40.739716,-73.992203,40.742729
2010000453,2010000453,CMT,1,0,2010-01-01 00:04:35,2010-01-01 00:26:05,1,21.5,4.30,-73.991936,40.725704,-73.989815,40.773117
2010000454,2010000454,CMT,1,0,2010-01-01 00:04:35,2010-01-01 00:06:09,1,1.5700000000000000,0.00,-73.983093,40.766232,-73.983093,40.766232
2010000455,2010000455,CMT,1,0,2010-01-01 00:04:36,2010-01-01 00:13:06,3,8.5,3.50,-73.988289,40.723366,-73.962616,40.766552
2010000456,2010000456,CMT,1,0,2010-01-01 00:04:36,2010-01-01 00:19:10,4,14.57,3.00,-74.00499,40.740856,-73.969757,40.753071
2010000457,2010000457,CMT,1,0,2010-01-01 00:04:36,2010-01-01 00:17:46,2,13.17,2.10,-73.99826,40.725018,-73.991432,40.748871
2010000458,2010000458,VTS,1,,2010-01-01 00:04:37,2010-01-01 00:04:37,1,0,0.51,-73.991669,40.759678,-73.997192,40.754704
2010000459,2010000459,CMT,1,0,2010-01-01 00:04:37,2010-01-01 00:30:48,1,26.18,5.50,-73.958534,40.775566,-73.958664,40.775684
2010000460,2010000460,CMT,1,0,2010-01-01 00:04:37,2010-01-01 00:20:32,1,15.92,4.80,-73.950523,40.779491,-73.908562,40.745136
2010000461,2010000461,CMT,1,0,2010-01-01 00:04:38,2010-01-01 00:36:40,2,32.030000000000000,2.40,-73.991692,40.764763,-73.978249,40.742485
2010000462,2010000462,CMT,1,0,2010-01-01 00:04:38,2010-01-01 00:10:25,1,5.7800000000000000,0.90,-73.994438,40.737228,-74.006042,40.733128
2010000463,2010000463,CMT,1,0,2010-01-01 00:04:38,2010-01-01 00:12:10,1,7.5300000000000000,1.50,-73.993484,40.73856,-73.992836,40.725315
2010000464,2010000464,CMT,1,0,2010-01-01 00:04:39,2010-01-01 00:10:42,1,6.0500000000000000,1.30,-73.985542,40.744835,-74.001892,40.738689
2010000465,2010000465,CMT,1,0,2010-01-01 00:04:40,2010-01-01 00:17:48,1,13.130000000000000,2.80,-73.972115,40.794491,-73.936073,40.797188
2010000466,2010000466,CMT,1,0,2010-01-01 00:04:40,2010-01-01 00:09:35,1,4.9200000000000000,0.50,-73.999763,40.730721,-73.995476,40.730515
2010000467,2010000467,CMT,1,0,2010-01-01 00:04:41,2010-01-01 00:07:45,2,3.0700000000000000,0.60,-73.980659,40.774769,-73.986626,40.766502
2010000468,2010000468,CMT,1,0,2010-01-01 00:04:41,2010-01-01 00:22:48,3,18.120000000000000,5.80,-73.989639,40.738499,-73.919899,40.737144
2010000469,2010000469,CMT,1,0,2010-01-01 00:04:41,2010-01-01 00:22:47,1,18.100000000000000,10.50,-73.976845,40.79026,-73.909454,40.901276
2010000470,2010000470,CMT,1,0,2010-01-01 00:04:41,2010-01-01 00:09:08,1,4.4500000000000000,1.00,-73.954712,40.77771,-73.962646,40.767315
2010000471,2010000471,VTS,1,,2010-01-01 00:04:42,2010-01-01 00:04:42,3,0,0.55,-73.959465,40.771729,-73.954948,40.778374
2010000472,2010000472,CMT,1,0,2010-01-01 00:04:43,2010-01-01 00:21:57,2,17.23,3.30,-73.9804,40.738705,-73.958626,40.778076
2010000473,2010000473,CMT,1,0,2010-01-01 00:04:43,2010-01-01 00:16:36,2,11.880000000000000,3.00,-73.987465,40.761379,-73.975639,40.795403
2010000474,2010000474,CMT,1,0,2010-01-01 00:04:43,2010-01-01 00:19:27,2,14.73,2.90,-73.986511,40.722233,-73.977486,40.752281
2010000475,2010000475,CMT,1,0,2010-01-01 00:04:43,2010-01-01 00:11:37,1,6.9000000000000000,1.30,-73.971947,40.761269,-73.978188,40.773132
2010000476,2010000476,CMT,1,0,2010-01-01 00:04:45,2010-01-01 00:07:13,2,2.4700000000000000,0.70,-73.989677,40.772831,-73.996391,40.763546
2010000477,2010000477,CMT,1,0,2010-01-01 00:04:45,2010-01-01 00:11:04,2,6.3200000000000000,1.00,-73.986336,40.726307,-73.994759,40.71862
2010000478,2010000478,CMT,1,0,2010-01-01 00:04:45,2010-01-01 00:05:54,4,1.1500000000000000,0.20,-73.984467,40.732609,-73.986565,40.729736
2010000479,2010000479,DDS,1,,2010-01-01 00:04:46,2010-01-01 00:17:50,4,13.06,3.00,-73.960274,40.77319,-73.967743,40.765503
2010000480,2010000480,CMT,1,0,2010-01-01 00:04:46,2010-01-01 00:22:09,4,17.380000000000000,5.20,-73.990913,40.730152,-73.975853,40.781548
2010000481,2010000481,CMT,1,0,2010-01-01 00:04:46,2010-01-01 00:15:15,1,10.48,1.90,-73.985565,40.763298,-73.962517,40.770138
2010000482,2010000482,CMT,1,0,2010-01-01 00:04:47,2010-01-01 00:17:10,1,12.380000000000000,3.80,-73.981735,40.756989,-73.934601,40.739792
2010000483,2010000483,CMT,1,0,2010-01-01 00:04:47,2010-01-01 00:31:55,4,27.130000000000000,4.30,-74.001503,40.73946,-73.956047,40.776031
2010000484,2010000484,CMT,1,0,2010-01-01 00:04:48,2010-01-01 00:12:54,1,8.1000000000000000,5.00,-73.969856,40.799904,-73.937965,40.847935
2010000485,2010000485,CMT,1,0,2010-01-01 00:04:50,2010-01-01 00:15:35,2,10.75,1.10,-73.971405,40.762142,-73.976318,40.751602
2010000486,2010000486,CMT,1,0,2010-01-01 00:04:50,2010-01-01 00:13:58,1,9.1300000000000000,2.40,0,0,0,0
2010000487,2010000487,CMT,1,0,2010-01-01 00:04:50,2010-01-01 00:17:10,1,12.33,1.90,-73.979233,40.776669,-73.996277,40.753212
2010000488,2010000488,CMT,1,0,2010-01-01 00:04:50,2010-01-01 00:07:15,1,2.4200000000000000,0.80,-73.993187,40.747242,-73.990257,40.739452
2010000489,2010000489,CMT,1,0,2010-01-01 00:04:50,2010-01-01 00:09:59,2,5.1500000000000000,1.00,-73.993446,40.7216,-73.983292,40.726776
2010000490,2010000490,CMT,1,0,2010-01-01 00:04:51,2010-01-01 00:06:22,1,1.52,0.30,-73.969223,40.798401,-73.972916,40.793327
2010000491,2010000491,CMT,1,1,2010-01-01 00:04:51,2010-01-01 00:10:07,1,5.2700000000000000,1.20,-73.991821,40.733547,-73.997108,40.71978
2010000057,2010000057,CMT,1,0,2010-01-01 00:04:51,2010-01-01 00:12:21,2,7.5,1.80,-73.976547,40.760288,-73.953712,40.767323
2010000492,2010000492,VTS,1,,2010-01-01 00:04:51,2010-01-01 00:04:51,1,0,0.83,-73.99501,40.743816,-73.981422,40.737991
2010000493,2010000493,CMT,1,0,2010-01-01 00:04:52,2010-01-01 00:37:31,1,32.650000000000000,18.30,-73.776817,40.645329,-73.995956,40.759155
2010000494,2010000494,CMT,1,0,2010-01-01 00:04:52,2010-01-01 00:14:24,1,9.5300000000000000,1.70,-73.978287,40.75914,-73.97905,40.74054
2010000495,2010000495,CMT,1,0,2010-01-01 00:04:52,2010-01-01 00:19:04,1,14.200000000000000,3.30,-73.987907,40.748501,-73.949287,40.772892
2010000496,2010000496,CMT,1,0,2010-01-01 00:04:52,2010-01-01 00:12:35,1,7.7200000000000000,1.80,-73.993073,40.758205,-73.992683,40.74107
2010000497,2010000497,CMT,1,0,2010-01-01 00:04:53,2010-01-01 00:24:02,1,19.150000000000000,15.10,-73.873146,40.774334,-73.7258,40.692089
2010000498,2010000498,CMT,1,0,2010-01-01 00:04:53,2010-01-01 00:30:53,1,26,11.10,-73.979027,40.762012,-73.820198,40.731812
2010000499,2010000499,DDS,1,,2010-01-01 00:04:55,2010-01-01 00:14:32,1,9.6100000000000000,2.20,-73.978661,40.750584,-73.993996,40.749962
2010000500,2010000500,CMT,1,0,2010-01-01 00:04:55,2010-01-01 00:11:33,2,6.6300000000000000,1.10,-73.980591,40.774601,-73.992867,40.762711
2010000501,2010000501,VTS,1,,2010-01-01 00:04:55,2010-01-01 00:04:55,1,0,0.34,-73.974068,40.762512,-73.977562,40.757915
2010000502,2010000502,CMT,1,0,2010-01-01 00:04:55,2010-01-01 00:21:16,1,16.350000000000000,4.90,-73.976692,40.739498,-73.94838,40.796494
2010000503,2010000503,CMT,1,0,2010-01-01 00:04:55,2010-01-01 00:11:40,1,6.75,0.80,-73.975014,40.757423,-73.967339,40.756557
2010000504,2010000504,CMT,1,0,2010-01-01 00:04:56,2010-01-01 00:16:04,1,11.130000000000000,2.20,-73.985176,40.744316,-73.967468,40.769199
2010000505,2010000505,CMT,1,0,2010-01-01 00:04:56,2010-01-01 00:08:12,1,3.27,0.70,-73.99633,40.7444,-73.985466,40.738522
2010000506,2010000506,CMT,1,0,2010-01-01 00:04:57,2010-01-01 00:11:34,1,6.6200000000000000,1.10,-73.984612,40.764099,-73.981544,40.779736
2010000507,2010000507,CMT,1,0,2010-01-01 00:04:57,2010-01-01 00:16:07,2,11.17,3.70,-73.953613,40.775318,-73.925003,40.75565
2010000508,2010000508,CMT,1,0,2010-01-01 00:04:58,2010-01-01 00:09:46,3,4.8000000000000000,0.80,-73.993317,40.747387,-74.004562,40.752224
2010000509,2010000509,CMT,1,0,2010-01-01 00:04:58,2010-01-01 00:29:42,1,24.73,4.60,-73.96833,40.79694,-73.996323,40.753483
2010000510,2010000510,CMT,1,0,2010-01-01 00:04:58,2010-01-01 00:23:28,1,18.5,1.80,-73.985268,40.763176,-73.963692,40.756287
2010000511,2010000511,CMT,1,0,2010-01-01 00:04:58,2010-01-01 00:27:18,3,22.330000000000000,1.60,-73.984055,40.757275,-73.991112,40.749783
2010000512,2010000512,CMT,1,0,2010-01-01 00:04:58,2010-01-01 00:26:11,2,21.220000000000000,8.00,-74.002747,40.739765,-73.945885,40.832947
2010000513,2010000513,CMT,1,0,2010-01-01 00:04:58,2010-01-01 00:19:28,1,14.5,0.40,-73.994888,40.760345,-73.988365,40.761787
2010000514,2010000514,CMT,1,0,2010-01-01 00:04:59,2010-01-01 00:08:42,1,3.7200000000000000,0.60,-73.987038,40.771118,-73.979675,40.772854
2010000515,2010000515,CMT,1,0,2010-01-01 00:04:59,2010-01-01 00:21:10,4,16.18,4.10,-74.004211,40.730389,-73.992424,40.68364
2010000516,2010000516,CMT,1,0,2010-01-01 00:05:00,2010-01-01 00:49:11,1,44.18,15.50,-73.966858,40.804092,-73.966995,40.632229
2010000517,2010000517,CMT,1,0,2010-01-01 00:05:00,2010-01-01 00:34:14,4,29.23,3.90,-73.97998,40.775833,-74.002983,40.733307
2010000518,2010000518,VTS,1,,2010-01-01 00:05:00,2010-01-01 00:30:00,5,25,9.79,-73.789429,40.647266,-73.927475,40.671322
2010000519,2010000519,CMT,1,0,2010-01-01 00:05:00,2010-01-01 00:21:34,2,16.57,2.70,-74.003578,40.722622,-73.97699,40.750553
2010000520,2010000520,VTS,1,,2010-01-01 00:05:00,2010-01-01 00:32:00,1,27,10.84,-73.874481,40.774048,-73.989174,40.77425
2010000521,2010000521,VTS,1,,2010-01-01 00:05:00,2010-01-01 00:27:00,1,22,2.97,-73.998123,40.751518,-73.995651,40.749451
2010000522,2010000522,VTS,1,,2010-01-01 00:05:00,2010-01-01 00:05:00,1,0,1.21,0,0,0,0
2010000523,2010000523,VTS,1,,2010-01-01 00:05:00,2010-01-01 00:15:00,4,10,2.01,-73.979851,40.770672,-73.97554,40.75227
2010000524,2010000524,VTS,1,,2010-01-01 00:05:00,2010-01-01 00:11:00,1,6,0.99,-73.96402,40.771091,-73.974548,40.762249
2010000525,2010000525,VTS,1,,2010-01-01 00:05:00,2010-01-01 00:35:00,5,30,1.99,-73.976471,40.76503,-73.980507,40.761326
2010000526,2010000526,VTS,1,,2010-01-01 00:05:00,2010-01-01 00:26:00,2,21,4.08,-74.002518,40.729053,-73.981995,40.770626
2010000527,2010000527,VTS,1,,2010-01-01 00:05:00,2010-01-01 00:35:00,2,30,3.69,-73.978752,40.761597,-73.99971,40.728497
2010000528,2010000528,VTS,1,,2010-01-01 00:05:00,2010-01-01 00:31:00,1,26,3.30,-73.982422,40.756779,-73.988472,40.725014
2010000529,2010000529,VTS,1,,2010-01-01 00:05:00,2010-01-01 00:25:00,1,20,7.11,-73.973564,40.784184,-74.014359,40.702473
2010000530,2010000530,VTS,1,,2010-01-01 00:05:00,2010-01-01 00:29:00,2,24,1.87,-73.976601,40.764671,-73.989113,40.742973
2010000531,2010000531,VTS,1,,2010-01-01 00:05:00,2010-01-01 00:42:00,3,37,9.44,-73.938271,40.712559,-73.98114,40.779968
2010000532,2010000532,VTS,1,,2010-01-01 00:05:00,2010-01-01 00:26:00,5,21,4.39,-74.01503,40.597214,-73.995834,40.593933
2010000533,2010000533,VTS,1,,2010-01-01 00:05:00,2010-01-01 00:21:00,1,16,2.90,-74.005135,40.748131,-73.987808,40.721031
2010000534,2010000534,VTS,1,,2010-01-01 00:05:00,2010-01-01 00:17:00,3,12,2.25,-74.006187,40.740246,-73.978058,40.726494
2010000535,2010000535,VTS,1,,2010-01-01 00:05:00,2010-01-01 00:26:00,2,21,5.45,-74.000252,40.730022,-73.952148,40.786346
2010000536,2010000536,CMT,1,0,2010-01-01 00:05:01,2010-01-01 00:17:32,2,12.52,2.50,-74.005135,40.751419,-73.981552,40.728821
2010000537,2010000537,CMT,1,0,2010-01-01 00:05:01,2010-01-01 00:16:58,1,11.950000000000000,3.00,-73.959381,40.713737,-73.982422,40.727413
2010000538,2010000538,CMT,1,0,2010-01-01 00:05:01,2010-01-01 00:18:20,1,13.32,5.30,-73.949348,40.802296,-73.929596,40.855091
2010000539,2010000539,CMT,1,0,2010-01-01 00:05:02,2010-01-01 00:38:51,1,33.82,8.30,-73.993324,40.721851,-73.957932,40.821247
2010000540,2010000540,CMT,1,0,2010-01-01 00:05:02,2010-01-01 00:26:48,4,21.77,4.10,-73.981659,40.758743,-74.005058,40.719151
2010000541,2010000541,CMT,1,0,2010-01-01 00:05:02,2010-01-01 00:11:30,1,6.4700000000000000,1.50,-73.997116,40.733391,-74.005775,40.717579
2010000542,2010000542,CMT,1,0,2010-01-01 00:05:03,2010-01-01 00:15:10,3,10.120000000000000,2.70,-73.980225,40.754433,-74.001114,40.722389
2010000543,2010000543,CMT,1,0,2010-01-01 00:05:03,2010-01-01 00:29:38,1,24.580000000000000,12.10,-74.000435,40.727314,-73.917824,40.871014
2010000544,2010000544,DDS,1,,2010-01-01 00:05:04,2010-01-01 00:24:09,1,19.080000000000000,11.00,-73.971077,40.761971,-73.956352,40.767895